mingcheng,neirong,pingfen,renshu
公民凯恩 Citizen Kane,导演: 奥逊・威尔斯 主演: 奥逊・威尔斯 / 约瑟夫・科顿 / 多萝西・康明戈尔 类型: 剧情 / 悬疑 制片国家/地区: 美国 年份: 1941,8.8,(96788人评价)
迷魂记 Vertigo,导演: 阿尔弗雷德・希区柯克 主演: 詹姆斯・斯图尔特 / 金・诺瓦克 / 芭芭拉・贝尔・戈迪斯 类型: 爱情 / 悬疑 / 惊悚 制片国家/地区: 美国 年份: 1958,8.7,(101367人评价)
2001太空漫游 2001: A Space Odyssey,导演: 斯坦利・库布里克 主演: 凯尔・杜拉 / 加里・洛克伍德 / 威廉姆・西尔维斯特 类型: 科幻 / 惊悚 / 冒险 制片国家/地区: 英国/美国 年份: 1968,8.9,(264095人评价)
游戏规则 La règle du jeu,导演: 让・雷诺阿 主演: 诺拉・格雷戈尔 / 波莱特・杜博斯特 / 米拉・帕雷利 类型: 喜剧 / 剧情 制片国家/地区: 法国 年份: 1939,8.4,(9802人评价)
东京物语 |京物Z,导演: 小津安二郎 主演: 笠智众 / 原节子 / 杉村春子 类型: 剧情 / 家庭 制片国家/地区: 日本 年份: 1953,9.1,(119873人评价)
教父 The Godfather,导演: 弗朗西斯・福特・科波拉 主演: 马龙・白兰度 / 阿尔・帕西诺 / 詹姆斯・肯恩 类型: 剧情 / 犯罪 制片国家/地区: 美国 年份: 1972,9.3,(821831人评价)
日出 Sunrise: A Song of Two Humans,导演: F・W・茂瑙 主演: 乔治・奥布莱恩 / 珍妮・盖诺 / 玛格丽特・利文斯顿 类型: 剧情 / 爱情 制片国家/地区: 美国 年份: 1927,8.8,(12411人评价)
搜索者 The Searchers,导演: 约翰・福特 主演: 约翰・韦恩 / 杰弗里・亨特 / 维拉・迈尔斯 类型: 剧情 / 西部 / 冒险 制片国家/地区: 美国 年份: 1956,7.8,(7306人评价)
七武士 七人の侍,导演: 黑泽明 主演: 三船敏郎 / 志村乔 / 津岛惠子 类型: 动作 / 冒险 / 剧情 制片国家/地区: 日本 年份: 1954,9.3,(167488人评价)
现代启示录 Apocalypse Now,导演: 弗朗西斯・福特・科波拉 主演: 马丁・辛 / 马龙・白兰度 / 罗伯特・杜瓦尔 类型: 剧情 / 战争 制片国家/地区: 美国 年份: 1979,8.5,(91783人评价)
雨中曲 Singin' in the Rain,导演: 斯坦利・多南 / 吉恩・凯利 主演: 吉恩・凯利 / 唐纳德・奥康纳 / 黛比・雷诺斯 类型: 喜剧 / 歌舞 / 爱情 制片国家/地区: 美国 年份: 1952,9.1,(183321人评价)
战舰波将金号 Броненосец Потёмкин,导演: 谢尔盖・爱森斯坦 主演: 亚历山大・安东诺夫 / 弗拉迪米尔・巴斯基 / 格里高利・亚历山德罗夫 类型: 剧情 / 历史 / 战争 制片国家/地区: 苏联 年份: 1925,8.7,(24021人评价)
偷自行车的人 Ladri di biciclette,导演: 维托里奥・德西卡 主演: 兰贝托・马乔拉尼 / 恩佐・斯泰奥拉 / 莉安拉・卡雷尔 类型: 犯罪 / 剧情 制片国家/地区: 意大利 年份: 1948,9.0,(81649人评价)
,,,
圣女贞德蒙难记 La passion de Jeanne d'Arc,导演: 卡尔・西奥多・德莱叶 主演: 玛利亚・法奥康涅蒂 / 安托南・阿尔托 / 安德烈・贝利 类型: 传记 / 犯罪 / 剧情 / 历史 制片国家/地区: 法国 年份: 1928,8.7,(9742人评价)
亚特兰大号 L'Atalante,导演: 让・维果 主演: 米歇尔・西蒙 / 迪塔・帕尔洛 / 让・达斯特 类型: 剧情 / 爱情 制片国家/地区: 法国 年份: 1934,8.1,(5184人评价)
假面 Persona,导演: 英格玛・伯格曼 主演: 毕比・安德松 / 丽芙・乌曼 / 玛格丽塔・克罗克 类型: 剧情 / 惊悚 制片国家/地区: 瑞典 年份: 1966,8.8,(23952人评价)
持摄影机的人 Человек с Киноаппаратом,导演: 吉加・维尔托夫 主演: Mikhail Kaufman 类型: 纪录片 制片国家/地区: 苏联 年份: 1929,9.0,(13433人评价)
罗生门 _生T,导演: 黑泽明 主演: 三船敏郎 / 京町子 / 森雅之 类型: 剧情 / 犯罪 / 悬疑 制片国家/地区: 日本 年份: 1950,8.8,(268897人评价)
教父2 The Godfather: Part Ⅱ,导演: 弗朗西斯・福特・科波拉 主演: 阿尔・帕西诺 / 罗伯特・杜瓦尔 / 黛安・基顿 类型: 剧情 / 犯罪 制片国家/地区: 美国 年份: 1974,9.2,(463491人评价)
,,,
,,,
四百击 Les quatre cents coups,导演: 弗朗索瓦・特吕弗 主演: 让-皮埃尔・利奥德 / 克莱尔・莫里耶 / 阿尔贝・雷米 类型: 犯罪 / 剧情 制片国家/地区: 法国 年份: 1959,8.8,(91645人评价)
惊魂记 Psycho,导演: 阿尔弗雷德・希区柯克 主演: 安东尼・博金斯 / 维拉・迈尔斯 / 约翰・加文 类型: 悬疑 / 惊悚 / 恐怖 制片国家/地区: 美国 年份: 1960,9.0,(230659人评价)
城市之光 City Lights,导演: 查理・卓别林 主演: 查理・卓别林 / 弗吉尼亚・切瑞尔 / 佛罗伦斯・李 类型: 喜剧 / 剧情 / 爱情 制片国家/地区: 美国 年份: 1931,9.3,(120316人评价)
历劫佳人 Touch of Evil,导演: 奥逊・威尔斯 主演: 查尔顿・赫斯顿 / 珍妮特・利 / 奥逊・威尔斯 类型: 犯罪 / 黑色电影 / 惊悚 制片国家/地区: 美国 年份: 1958,8.1,(9333人评价)
,,,
甜蜜的生活 La dolce vita,导演: 费德里科・费里尼 主演: 马塞洛・马斯楚安尼 / 安妮塔・艾克伯格 / 阿努克・艾梅 类型: 剧情 / 喜剧 制片国家/地区: 意大利/法国 年份: 1960,8.6,(24247人评价)
热情如火 Some Like It Hot,导演: 比利・怀尔德 主演: 玛丽莲・梦露 / 托尼・柯蒂斯 / 杰克・莱蒙 类型: 喜剧 制片国家/地区: 美国 年份: 1959,8.9,(50266人评价)
阿拉伯的劳伦斯 Lawrence of Arabia,导演: 大卫・里恩 主演: 彼得・奥图尔 / 亚历克・吉尼斯 / 安东尼・奎恩 类型: 剧情 / 传记 / 冒险 制片国家/地区: 英国 年份: 1962,8.7,(42827人评价)
,,,
,,,
卡萨布兰卡 Casablanca,导演: 迈克尔・柯蒂兹 主演: 亨弗莱・鲍嘉 / 英格丽・褒曼 / 保罗・亨雷德 类型: 剧情 / 爱情 / 战争 制片国家/地区: 美国 年份: 1942,8.7,(198807人评价)
,,,
将军号 The General,导演: 巴斯特・基顿 / 克莱德・布鲁克曼 主演: 巴斯特・基顿 / 玛丽昂・马克 / 格伦・卡文德 类型: 剧情 / 喜剧 / 动作 / 战争 / 冒险 制片国家/地区: 美国 年份: 1926,9.1,(22662人评价)
,,,
日落大道 Sunset Blvd.,导演: 比利・怀尔德 主演: 威廉・霍尔登 / 葛洛丽亚・斯旺森 / 埃里克・冯・施特罗海姆 类型: 剧情 / 黑色电影 制片国家/地区: 美国 年份: 1950,8.8,(48989人评价)
银翼杀手 Blade Runner,导演: 雷德利・斯科特 主演: 哈里森・福特 / 鲁特格尔・哈尔 / 肖恩・杨 类型: 科幻 / 惊悚 制片国家/地区: 美国 年份: 1982,8.5,(213188人评价)
后窗 Rear Window,导演: 阿尔弗雷德・希区柯克 主演: 詹姆斯・斯图尔特 / 格蕾丝・凯利 / 温戴尔・柯瑞 类型: 悬疑 / 惊悚 制片国家/地区: 美国 年份: 1954,8.6,(157126人评价)
大幻影 La grande illusion,导演: 让・雷诺阿 主演: 让・迦本 / 迪塔・帕尔洛 / 皮埃尔・弗雷奈 类型: 剧情 / 战争 制片国家/地区: 法国 年份: 1937,8.4,(8934人评价)
猎人之夜 The Night of the Hunter,导演: 查尔斯・劳顿 主演: 罗伯特・米彻姆 / 谢利・温特斯 / 丽莲・吉许 类型: 犯罪 / 惊悚 / 黑色电影 制片国家/地区: 美国 年份: 1955,8.0,(7718人评价)
第三人 The Third Man,导演: 卡罗尔・里德 主演: 约瑟夫・科顿 / 阿莉达・瓦利 / 奥逊・威尔斯 类型: 黑色电影 / 悬疑 / 惊悚 制片国家/地区: 英国 年份: 1949,8.2,(19188人评价)
花样年华 花幽耆A,导演: 王家卫 主演: 梁朝伟 / 张曼玉 / 潘迪华 类型: 剧情 / 爱情 制片国家/地区: 中国香港 年份: 2000,8.7,(508768人评价)
芬妮与亚历山大 Fanny och Alexander,导演: 英格玛・伯格曼 主演: 克里斯蒂娜・阿道夫森 / 伯杰・阿斯特 / 佩妮娜・奥威 类型: 剧情 制片国家/地区: 法国/瑞典/西德 年份: 1982,8.7,(16093人评价)
雨月物语 雨月物Z,导演: 沟口健二 主演: 田中绢代 / 森雅之 / 小泽荣太郎 类型: 剧情 / 战争 / 奇幻 制片国家/地区: 日本 年份: 1953,8.6,(20411人评价)
摩登时代 Modern Times,导演: 查理・卓别林 主演: 查理・卓别林 / 宝莲・高黛 / 亨利・伯格曼 类型: 剧情 / 喜剧 / 爱情 制片国家/地区: 美国 年份: 1936,9.3,(254703人评价)
唐人街 Chinatown,导演: 罗曼・波兰斯基 主演: 杰克・尼科尔森 / 费・唐纳薇 / 约翰・休斯顿 类型: 犯罪 / 剧情 / 悬疑 / 惊悚 制片国家/地区: 美国 年份: 1974,8.4,(50849人评价)
玩乐时间 Play Time,导演: 雅克・塔蒂 主演: 雅克・塔蒂 / Barbara Dennek / France Rumilly 类型: 喜剧 制片国家/地区: 法国/意大利 年份: 1967,8.8,(18924人评价)
,,,
奇爱博士 Dr. Strangelove or: How I Learned to Stop Worrying and Love the Bomb,导演: 斯坦利・库布里克 主演: 彼得・塞勒斯 / 乔治・C・斯科特 / 斯特林・海登 类型: 剧情 / 喜剧 / 战争 制片国家/地区: 美国/英国 年份: 1964,8.8,(80226人评价)
大都会 Metropolis,导演: 弗里茨・朗 主演: 阿弗莱德・阿贝尔 / 古斯塔夫・佛力施 / 布里吉特・赫尔姆 类型: 剧情 / 科幻 制片国家/地区: 德国 年份: 1927,9.1,(37315人评价)
桃色公寓 The Apartment,导演: 比利・怀尔德 主演: 杰克・莱蒙 / 雪莉・麦克雷恩 / 弗莱德・麦克莫瑞 类型: 爱情 / 喜剧 / 剧情 制片国家/地区: 美国 年份: 1960,8.8,(37336人评价)
,,,
天堂的孩子 Les enfants du paradis,导演: 马塞尔・卡尔内 主演: 阿莱蒂 / 让-路易斯・巴劳特 / 皮埃尔・布拉瑟 类型: 剧情 / 爱情 制片国家/地区: 法国 年份: 1945,8.6,(4725人评价)
,,,
西北偏北 North by Northwest,导演: 阿尔弗雷德・希区柯克 主演: 加里・格兰特 / 爱娃・玛丽・森特 / 詹姆斯・梅森 类型: 悬疑 / 惊悚 / 冒险 制片国家/地区: 美国 年份: 1959,8.3,(88197人评价)
,,,
赤胆屠龙 Rio Bravo,导演: 霍华德・霍克斯 主演: 约翰・韦恩 / 迪恩・马丁 / 瑞奇・尼尔森 类型: 剧情 / 喜剧 / 爱情 / 西部 制片国家/地区: 美国 年份: 1959,8.1,(3932人评价)
伟大的安巴逊 The Magnificent Ambersons,导演: 奥逊・威尔斯 主演: 约瑟夫・科顿 / 提姆・霍尔特 / 多洛雷斯・卡斯特洛 类型: 剧情 / 爱情 制片国家/地区: 美国 年份: 1942,7.5,(1618人评价)
穆赫兰道 Mulholland Dr.,导演: 大卫・林奇 主演: 娜奥米・沃茨 / 劳拉・哈灵 / 安・米勒 类型: 剧情 / 悬疑 / 惊悚 制片国家/地区: 法国/美国 年份: 2001,8.4,(386869人评价)
日落黄沙 The Wild Bunch,导演: 萨姆・佩金帕 主演: 威廉・霍尔登 / 欧内斯特・博格宁 / 罗伯特・瑞安 类型: 动作 / 西部 制片国家/地区: 美国 年份: 1969,8.3,(8921人评价)
,,,
狂人皮埃罗 Pierrot le fou,导演: 让-吕克・戈达尔 主演: 让-保罗・贝尔蒙多 / 安娜・卡里娜 / 贾泽拉・加瓦尼 类型: 剧情 / 爱情 / 犯罪 制片国家/地区: 法国/意大利 年份: 1965,8.4,(25062人评价)
西部往事 C'era una volta il West,导演: 赛尔乔・莱昂内 主演: 亨利・方达 / 查尔斯・布朗森 / 克劳迪娅・卡汀娜 类型: 剧情 / 犯罪 / 西部 制片国家/地区: 意大利/美国 年份: 1968,8.7,(44147人评价)
淘金记 The Gold Rush,导演: 查理・卓别林 主演: 查理・卓别林 / 马克・斯旺 / 汤姆・默里 类型: 喜剧 / 爱情 / 西部 / 冒险 制片国家/地区: 美国 年份: 1925,9.2,(47310人评价)
第七封印 Det sjunde inseglet,导演: 英格玛・伯格曼 主演: 古纳尔・布约恩施特兰德 / 本特・埃切罗特 / 尼尔斯・波普 类型: 剧情 / 奇幻 制片国家/地区: 瑞典 年份: 1957,8.5,(45266人评价)
游览意大利 Viaggio in Italia,导演: 罗伯托・罗西里尼 主演: 英格丽・褒曼 / 乔治・桑德斯 / Leslie Daniels 类型: 剧情 制片国家/地区: 法国/意大利 年份: 1954,7.8,(2646人评价)
,,,
大路 La strada,导演: 费德里科・费里尼 主演: 安东尼・奎恩 / 朱丽叶塔・马西纳 / 理查德・贝斯哈特 类型: 剧情 制片国家/地区: 意大利 年份: 1954,9.0,(36448人评价)
春,导演: 小津安二郎 主演: 笠智众 / 原节子 / 月丘梦路 类型: 剧情 / 家庭 制片国家/地区: 日本 年份: 1949,8.7,(20805人评价)
,,,
,,,
,,,
好家伙 GoodFellas,导演: 马丁・斯科塞斯 主演: 罗伯特・德尼罗 / 雷・利奥塔 / 乔・佩西 类型: 剧情 / 传记 / 犯罪 制片国家/地区: 美国 年份: 1990,8.5,(98754人评价)
,,,
低俗小说 Pulp Fiction,导演: 昆汀・塔伦蒂诺 主演: 约翰・特拉沃尔塔 / 乌玛・瑟曼 / 阿曼达・普拉莫 类型: 剧情 / 喜剧 / 犯罪 制片国家/地区: 美国 年份: 1994,8.9,(721125人评价)
维莉蒂安娜 Viridiana,导演: 路易斯・布努埃尔 主演: 西尔维娅・皮纳尔 / 弗朗西斯科・拉瓦尔 / 费尔南多・雷伊 类型: 剧情 制片国家/地区: 西班牙/墨西哥 年份: 1961,8.6,(5728人评价)
祖与占 Jules et Jim,导演: 弗朗索瓦・特吕弗 主演: 让娜・莫罗 / 奥斯卡・威内尔 / 亨利・赛尔 类型: 剧情 / 爱情 制片国家/地区: 法国 年份: 1962,8.4,(40159人评价)
,,,
纳什维尔 Nashville,导演: 罗伯特・奥特曼 主演: 大卫・阿金 / 芭芭拉・巴斯里 / 尼德・巴蒂 类型: 剧情 / 喜剧 / 音乐 制片国家/地区: 美国 年份: 1975,8.2,(3039人评价)
生活多美好 It's a Wonderful Life,导演: 弗兰克・卡普拉 主演: 詹姆斯・斯图尔特 / 唐娜・里德 / 莱昂纳尔・巴里摩尔 类型: 剧情 / 爱情 / 奇幻 制片国家/地区: 美国 年份: 1946,9.3,(78756人评价)
,,,
死囚越狱 Un Condamné à mort s'est échappé,导演: 罗伯特・布列松 主演: 弗朗索瓦・莱特瑞尔 / 查尔斯・勒克莱恩 / 莫里斯・贝尔布洛克 类型: 剧情 / 惊悚 / 战争 制片国家/地区: 法国 年份: 1956,8.5,(15619人评价)
,,,
双虎屠龙 The Man Who Shot Liberty Valance,导演: 约翰・福特 主演: 约翰・韦恩 / 詹姆斯・斯图尔特 / 维拉・迈尔斯 类型: 剧情 / 爱情 / 西部 制片国家/地区: 美国 年份: 1962,8.2,(3933人评价)
,,,
安妮・霍尔 Annie Hall,导演: 伍迪・艾伦 主演: 伍迪・艾伦 / 黛安・基顿 / 谢莉・杜瓦尔 类型: 喜剧 / 剧情 / 爱情 制片国家/地区: 美国 年份: 1977,8.6,(85717人评价)
,,,
山椒大夫,导演: 沟口健二 主演: 田中绢代 / 香川京子 / 菅井一郎 类型: 剧情 制片国家/地区: 日本 年份: 1954,8.1,(4766人评价)
去年在马里昂巴德 L'année dernière à Marienbad,导演: 阿伦・雷乃 主演: 德菲因・塞里格 / 乔治・阿尔贝塔齐 / 萨夏・皮托埃夫 类型: 剧情 / 爱情 / 悬疑 制片国家/地区: 法国/意大利 年份: 1961,8.3,(17782人评价)
大白鲨 Jaws,导演: 史蒂文・斯皮尔伯格 主演: 罗伊・谢德 / 罗伯特・肖 / 理查德・德莱福斯 类型: 剧情 / 惊悚 / 冒险 制片国家/地区: 美国 年份: 1975,7.8,(86271人评价)
闪灵 The Shining,导演: 斯坦利・库布里克 主演: 杰克・尼科尔森 / 谢莉・杜瓦尔 / 丹尼・劳埃德 类型: 剧情 / 悬疑 / 恐怖 制片国家/地区: 英国/美国 年份: 1980,8.3,(421596人评价)
,,,
,,,
党同伐异 Intolerance: Love's Struggle Throughout the Ages,导演: 大卫・格里菲斯 主演: 丽莲・吉许 / 梅・马什 / 罗伯特・哈伦 类型: 剧情 / 历史 / 爱情 制片国家/地区: 美国 年份: 1916,8.7,(9259人评价)
放大 Blow-Up,导演: 米开朗基罗・安东尼奥尼 主演: 瓦妮莎・雷德格雷夫 / 莎拉・米尔斯 / 戴维・海明斯 类型: 剧情 / 悬疑 / 惊悚 制片国家/地区: 英国/意大利/美国 年份: 1966,8.5,(38049人评价)
,,,
,,,
你逃我也逃 To Be or Not to Be,导演: 恩斯特・刘别谦 主演: 卡洛・朗白 / 杰克・本尼 / 罗伯特・斯塔克 类型: 喜剧 / 爱情 / 战争 制片国家/地区: 美国 年份: 1942,9.2,(35556人评价)
绿野仙踪 The Wizard of Oz,导演: 维克多・弗莱明 主演: 朱迪・加兰 / 弗兰克・摩根 / 雷・博尔格 类型: 歌舞 / 奇幻 / 冒险 制片国家/地区: 美国 年份: 1939,8.2,(42720人评价)
堤 La jetée,导演: 克里斯・马克 主演: 让・内格罗尼 / 埃莱娜・夏特兰 / 达沃斯・哈尼奇 类型: 短片 / 剧情 / 爱情 / 科幻 制片国家/地区: 法国 年份: 1962,9.0,(22373人评价)
乱世佳人 Gone with the Wind,导演: 维克多・弗莱明 / 乔治・库克 / 山姆・伍德 主演: 费雯・丽 / 克拉克・盖博 / 奥利维娅・德哈维兰 类型: 剧情 / 历史 / 爱情 / 战争 制片国家/地区: 美国 年份: 1939,9.3,(601957人评价)
蚀 L'eclisse,导演: 米开朗基罗・安东尼奥尼 主演: 阿兰・德龙 / 莫尼卡・维蒂 / 弗朗西斯科・拉瓦尔 类型: 剧情 / 爱情 制片国家/地区: 意大利/法国 年份: 1962,8.4,(15597人评价)
,,,
美国往事 Once Upon a Time in America,导演: 赛尔乔・莱昂内 主演: 罗伯特・德尼罗 / 詹姆斯・伍兹 / 伊丽莎白・麦戈文 类型: 犯罪 / 剧情 制片国家/地区: 美国/意大利 年份: 1984,9.2,(358424人评价)
,,,
福尔摩斯二世 Sherlock Jr.,导演: 巴斯特・基顿 主演: 巴斯特・基顿 / 凯瑟琳・麦奎尔 / 乔・基顿 类型: 喜剧 / 动作 / 爱情 制片国家/地区: 美国 年份: 1924,9.5,(20526人评价)
生之欲 生きる,导演: 黑泽明 主演: 志村乔 / 日守新一 / 田中春男 类型: 剧情 制片国家/地区: 日本 年份: 1952,9.2,(30604人评价)
,,,
星球大战 Star Wars,导演: 乔治・卢卡斯 主演: 哈里森・福特 / 马克・哈米尔 / 凯丽・费雪 类型: 动作 / 科幻 / 冒险 制片国家/地区: 美国 年份: 1977,8.4,(120046人评价)
,,,
彗星美人 All About Eve,导演: 约瑟夫・L・曼凯维奇 主演: 贝蒂・戴维斯 / 安妮・巴克斯特 / 乔治・桑德斯 类型: 剧情 制片国家/地区: 美国 年份: 1950,8.7,(21318人评价)
广岛之恋 Hiroshima mon amour,导演: 阿伦・雷乃 主演: 埃玛妞・丽娃 / 冈田英次 / 贝尔纳・弗雷松 类型: 剧情 / 爱情 / 战争 制片国家/地区: 法国/日本 年份: 1959,7.8,(34626人评价)
,,,
侠骨柔情 My Darling Clementine,导演: 约翰・福特 主演: 亨利・方达 / 琳达・达内尔 / 维克多・迈彻 类型: 剧情 / 西部 制片国家/地区: 美国 年份: 1946,7.9,(2035人评价)
美人计 Notorious,导演: 阿尔弗雷德・希区柯克 主演: 加里・格兰特 / 英格丽・褒曼 / 克劳德・雷恩斯 类型: 剧情 / 爱情 / 惊悚 制片国家/地区: 美国 年份: 1946,7.7,(32285人评价)
育婴奇谭 Bringing Up Baby,导演: 霍华德・霍克斯 主演: 凯瑟琳・赫本 / 加里・格兰特 / 查尔斯・拉格尔斯 类型: 喜剧 / 爱情 制片国家/地区: 美国 年份: 1938,7.3,(3600人评价)
牯岭街少年杀人事件 牯X街少年⑷耸录,导演: 杨德昌 主演: 张震 / 杨静怡 / 张国柱 类型: 剧情 / 犯罪 制片国家/地区: 中国台湾 年份: 1991,8.9,(234993人评价)
,,,
"诺斯费拉图 Nosferatu, eine Symphonie des Grauens",导演: F・W・茂瑙 主演: 马科斯・夏瑞克 / 约翰・戈托特 / 格里塔・斯楚瑞德 类型: 奇幻 / 恐怖 制片国家/地区: 德国 年份: 1922,8.2,(12365人评价)
,,,
,,,
随心所欲 Vivre sa vie: Film en douze tableaux,导演: 让-吕克・戈达尔 主演: 安娜・卡里娜 / 萨德・里波特 / 安德烈・S・拉巴尔特 类型: 剧情 制片国家/地区: 法国 年份: 1962,8.5,(14859人评价)
,,,
,,,
,,,
"罗马，不设防的城市 Roma, città aperta",导演: 罗伯托・罗西里尼 主演: 阿尔多・法布里齐 / 安娜・马尼亚尼 / 马塞洛・巴格利埃罗 类型: 剧情 / 战争 / 惊悚 制片国家/地区: 意大利 年份: 1945,8.0,(11763人评价)
,,,
E.T.外星人 E.T. the Extra-Terrestrial,导演: 史蒂文・斯皮尔伯格 主演: 亨利・托马斯 / 迪・沃伦斯 / 罗伯特・麦克纳夫顿 类型: 剧情 / 科幻 制片国家/地区: 美国 年份: 1982,8.6,(298943人评价)
一条安达鲁狗 Un chien andalou,导演: 路易斯・布努埃尔 主演: 西蒙妮・玛勒伊 / Pierre Batcheff / 路易斯・布努埃尔 类型: 短片 / 奇幻 制片国家/地区: 法国 年份: 1929,8.2,(39528人评价)
淑女伊芙 The Lady Eve,导演: 普莱斯顿・斯特奇斯 主演: 芭芭拉・斯坦威克 / 亨利・方达 / 查尔斯・科本 类型: 喜剧 / 犯罪 / 爱情 制片国家/地区: 美国 年份: 1941,7.6,(2067人评价)
,,,
恐惧吞噬灵魂 Angst essen Seele auf,导演: 赖纳・维尔纳・法斯宾德 主演: 布里吉特・米拉 / 埃尔・赫迪・本・萨利姆 / 芭芭拉・瓦伦汀 类型: 剧情 / 爱情 制片国家/地区: 西德 年份: 1974,8.5,(12085人评价)
天堂里的烦恼 Trouble in Paradise,导演: 恩斯特・刘别谦 主演: 米利亚姆・霍普金斯 / 凯・弗朗西斯 / 赫伯特・马歇尔 类型: 喜剧 / 犯罪 / 爱情 制片国家/地区: 美国 年份: 1932,8.2,(3233人评价)
天堂之日 Days of Heaven,导演: 泰伦斯・马力克 主演: 理查・基尔 / 布鲁克・亚当斯 / 山姆・夏普德 类型: 剧情 / 爱情 制片国家/地区: 美国 年份: 1978,7.9,(12450人评价)
为所应为 Do the Right Thing,导演: 斯派克・李 主演: 丹尼・爱罗 / 奥西・戴维斯 / 露比・迪 类型: 剧情 / 喜剧 制片国家/地区: 美国 年份: 1989,8.2,(12295人评价)
关山飞渡 Stagecoach,导演: 约翰・福特 主演: 约翰・韦恩 / 克莱尔・特雷弗 / 约翰・卡拉丁 类型: 动作 / 剧情 / 爱情 / 西部 制片国家/地区: 美国 年份: 1939,8.3,(12339人评价)
,,,
异形 Alien,导演: 雷德利・斯科特 主演: 西格妮・韦弗 / 汤姆・斯凯里特 / 维罗尼卡・卡维特 类型: 恐怖 / 科幻 制片国家/地区: 英国/美国 年份: 1979,8.2,(208381人评价)
双重赔偿 Double Indemnity,导演: 比利・怀尔德 主演: 弗莱德・麦克莫瑞 / 芭芭拉・斯坦威克 / 爱德华・罗宾逊 类型: 剧情 / 犯罪 / 悬疑 / 惊悚 / 黑色电影 制片国家/地区: 美国 年份: 1944,8.5,(29617人评价)
,,,
,,,
窃听大阴谋 The Conversation,导演: 弗朗西斯・福特・科波拉 主演: 吉恩・哈克曼 / 约翰・凯泽尔 / 艾伦・加菲尔德 类型: 剧情 / 悬疑 / 惊悚 制片国家/地区: 美国 年份: 1974,8.1,(10604人评价)
相见恨晚 Brief Encounter,导演: 大卫・里恩 主演: 西莉亚・约翰逊 / 特瑞沃・霍华德 / 斯坦利・霍洛威 类型: 爱情 / 剧情 制片国家/地区: 英国 年份: 1945,8.0,(8469人评价)
码头风云 On the Waterfront,导演: 伊利亚・卡赞 主演: 马龙・白兰度 / 卡尔・莫尔登 / 李・科布 类型: 犯罪 / 剧情 / 爱情 制片国家/地区: 美国 年份: 1954,7.9,(12436人评价)
,,,
资产阶级的审慎魅力 Le Charme discret de la bourgeoisie,导演: 路易斯・布努埃尔 主演: 费尔南多・雷伊 / 保罗・弗朗克尔 / 德菲因・塞里格 类型: 喜剧 / 剧情 / 奇幻 制片国家/地区: 法国 年份: 1972,8.2,(23704人评价)
,,,
罗斯玛丽的婴儿 Rosemary's Baby,导演: 罗曼・波兰斯基 主演: 米亚・法罗 / 约翰・卡萨维蒂 / 鲁思・戈登 类型: 剧情 / 恐怖 制片国家/地区: 美国 年份: 1968,8.1,(49164人评价)
,,,
金刚 King Kong,导演: 梅里安・C・库珀 / 欧内斯特・B・舍德萨克 主演: 菲伊・雷 / 罗伯特・阿姆斯特朗 / 布鲁斯・卡伯特 类型: 动作 / 奇幻 / 冒险 制片国家/地区: 美国 年份: 1933,7.7,(6893人评价)
红菱艳 The Red Shoes,导演: 迈克尔・鲍威尔 / 埃默里克・普雷斯伯格 主演: 莫伊拉・希勒 / 安东・沃尔布鲁克 Anton Walbrook / 马留斯・戈尔林 类型: 剧情 / 爱情 / 音乐 制片国家/地区: 英国 年份: 1948,8.2,(8450人评价)
,,,
呼喊与细语 Viskningar och rop,导演: 英格玛・伯格曼 主演: 哈里特・安德森 / 卡莉・西尔万 / 英格丽・图林 类型: 剧情 / 爱情 制片国家/地区: 瑞典 年份: 1972,8.7,(23230人评价)
"黄金三镖客 Il buono, il brutto, il cattivo",导演: 赛尔乔・莱昂内 主演: 克林特・伊斯特伍德 / 埃里・瓦拉赫 / 李・范・克里夫 类型: 冒险 / 西部 制片国家/地区: 意大利/西班牙/西德 年份: 1966,9.2,(103900人评价)
,,,
,,,
,,,
百战将军 The Life and Death of Colonel Blimp,导演: 迈克尔・鲍威尔 / 埃默里克・普雷斯伯格 主演: 罗杰・莱伍赛 / 黛博拉・蔻儿 / 安东・沃尔布鲁克 类型: 剧情 / 爱情 / 战争 制片国家/地区: 英国 年份: 1943,7.9,(735人评价)
钱 L'argent,导演: 罗伯特・布列松 主演: Christian Patey / Vincent Risterucci / Caroline Lang 类型: 犯罪 / 剧情 制片国家/地区: 法国/瑞士 年份: 1983,8.3,(10379人评价)
愤怒的葡萄 The Grapes of Wrath,导演: 约翰・福特 主演: 亨利・方达 / 简・达威尔 / 约翰・卡拉丁 类型: 剧情 / 历史 制片国家/地区: 美国 年份: 1940,8.5,(8753人评价)
,,,
,,,
猎鹿人 The Deer Hunter,导演: 迈克尔・西米诺 主演: 罗伯特・德尼罗 / 约翰・凯泽尔 / 约翰・萨维奇 类型: 剧情 / 战争 制片国家/地区: 美国 年份: 1978,8.4,(32592人评价)
,,,
,,,
,,,
,,,
小城之春,导演: 费穆 主演: 李纬 / 韦伟 / 石羽 类型: 剧情 / 爱情 制片国家/地区: 中国大陆 年份: 1948,8.6,(44856人评价)
,,,
,,,
,,,
,,,
最卑贱的人 Der letzte Mann,导演: F・W・茂瑙 主演: 埃米尔・雅宁斯 / 梅丽・ 戴尔沙夫特 / Max Hiller 类型: 剧情 制片国家/地区: 德国 年份: 1924,8.7,(5819人评价)
,,,
乱,导演: 黑泽明 主演: 仲代达矢 / 寺尾聪 / 根津甚八 类型: 剧情 / 动作 制片国家/地区: 日本/法国 年份: 1985,8.9,(72525人评价)
漩涡之外 Out of the Past,导演: 雅克・特纳 主演: 罗伯特・米彻姆 / 简・格里尔 / 柯克・道格拉斯 类型: 剧情 / 黑色电影 / 惊悚 制片国家/地区: 美国 年份: 1947,8.2,(3483人评价)
大独裁者 The Great Dictator,导演: 查理・卓别林 主演: 查理・卓别林 / 宝莲・高黛 / 杰克・奥克 类型: 喜剧 / 剧情 / 战争 制片国家/地区: 美国 年份: 1940,9.2,(65283人评价)
血色将至 There Will Be Blood,导演: 保罗・托马斯・安德森 主演: 丹尼尔・戴-刘易斯 / 巴里・德尔・舍曼 / 保罗・F・汤普金斯 类型: 剧情 制片国家/地区: 美国 年份: 2007,8.4,(64565人评价)
黄金时代 The Best Years of Our Lives,导演: 威廉・惠勒 主演: 玛娜・洛伊 / 弗雷德里克・马奇 / 达纳・安德鲁斯 类型: 剧情 / 爱情 / 战争 制片国家/地区: 美国 年份: 1946,8.2,(4785人评价)
夜与雾 Nuit et brouillard,导演: 阿伦・雷乃 主演: 米歇尔・布凯 类型: 纪录片 / 短片 / 历史 / 战争 制片国家/地区: 法国 年份: 1956,9.2,(14366人评价)
,,,
,,,
风烛泪 Umberto D.,导演: 维托里奥・德西卡 主演: 卡洛・巴蒂斯蒂 / 玛丽亚-皮娅・卡西利奥 / 丽娜・甄纳里 类型: 剧情 制片国家/地区: 意大利 年份: 1952,8.6,(5338人评价)
,,,
,,,
蓬门今始为君开 The Quiet Man,导演: 约翰・福特 主演: 约翰・韦恩 / 玛琳・奥哈拉 类型: 剧情 / 喜剧 / 爱情 制片国家/地区: 美国 年份: 1953,7.4,(1046人评价)
红河 Red River,导演: 霍华德・霍克斯 / 阿瑟・罗森 主演: 蒙哥马利・克利夫特 / 约翰・韦恩 / 沃尔特・布伦南 类型: 西部 / 动作 / 冒险 制片国家/地区: 美国 年份: 1948,8.2,(3153人评价)
战火 Paisà,导演: 罗伯托・罗西里尼 主演: 卡米拉萨齐奥 / 罗伯托范隆 / Benjamin Emanuel 类型: 剧情 / 战争 制片国家/地区: 意大利 年份: 1946,8.2,(2796人评价)
小孩与鹰 Kes,导演: 肯・洛奇 主演: 大卫・布拉德利 / Freddie Fletcher / 琳内・佩里 类型: 剧情 / 儿童 制片国家/地区: 英国 年份: 1969,8.6,(7834人评价)
第三类接触 Close Encounters of the Third Kind,导演: 史蒂文・斯皮尔伯格 主演: 理查德・德莱福斯 / 弗朗索瓦・特吕弗 / 特瑞・加尔 类型: 剧情 / 科幻 制片国家/地区: 美国 年份: 1977,7.2,(18604人评价)
白日美人 Belle de jour,导演: 路易斯・布努埃尔 主演: 凯瑟琳・德纳芙 / 让・索雷尔 / 米歇尔・皮科利 类型: 剧情 / 情色 制片国家/地区: 法国/意大利 年份: 1967,7.6,(29187人评价)
,,,
,,,
群鸟 The Birds,导演: 阿尔弗雷德・希区柯克 主演: 罗德・泰勒 / 杰西卡・坦迪 / 苏珊娜・普莱舍特 类型: 悬疑 / 惊悚 / 灾难 制片国家/地区: 美国 年份: 1963,8.1,(58149人评价)
北方的纳努克 Nanook of the North,导演: 罗伯特・弗拉哈迪 主演: Nanook(Allakariallak) / Nyla / Cunayou 类型: 纪录片 制片国家/地区: 美国/法国 年份: 1922,8.5,(14448人评价)
卡比利亚之夜 Le notti di Cabiria,导演: 费德里科・费里尼 主演: 朱丽叶塔・马西纳 / 弗朗索瓦・佩里埃 / 弗兰卡・马尔齐 类型: 剧情 制片国家/地区: 意大利/法国 年份: 1957,9.1,(31045人评价)
,,,
,,,
,,,
隐藏摄像机 Caché,导演: 迈克尔・哈内克 主演: 丹尼尔・奥特伊 / 朱丽叶・比诺什 / Maurice Bénichou 类型: 剧情 / 悬疑 / 惊悚 制片国家/地区: 法国/奥地利/德国/意大利/美国 年份: 2005,7.6,(12093人评价)
,,,
千与千寻 千と千い紊耠Lし,导演: 宫崎骏 主演: 艾美 / 入野自由 / 夏木真理 类型: 剧情 / 动画 / 奇幻 制片国家/地区: 日本 年份: 2001,9.4,(1965647人评价)
细细的红线 The Thin Red Line,导演: 泰伦斯・马力克 主演: 西恩・潘 / 伊莱亚斯・科泰斯 / 吉姆・卡维泽 类型: 剧情 / 战争 制片国家/地区: 美国/澳大利亚 年份: 1998,7.8,(28997人评价)
,,,
卡里加里博士的小屋 Das Cabinet des Dr. Caligari,导演: 罗伯特・维内 主演: 维尔纳・克劳斯 / 康拉德・韦特 / 弗里德里希・费赫尔 类型: 犯罪 / 悬疑 / 恐怖 制片国家/地区: 德国 年份: 1920,8.9,(21173人评价)
火树银花 Meet Me in St. Louis,导演: 文森特・明奈利 主演: 朱迪・加兰 / 玛格丽特・奥布赖恩 / 玛丽・阿斯特 类型: 家庭 / 歌舞 / 爱情 制片国家/地区: 美国 年份: 1944,7.4,(1060人评价)
辛德勒的名单 Schindler's List,导演: 史蒂文・斯皮尔伯格 主演: 连姆・尼森 / 本・金斯利 / 拉尔夫・费因斯 类型: 剧情 / 历史 / 战争 制片国家/地区: 美国 年份: 1993,9.5,(963826人评价)
仁心与冠冕 Kind Hearts and Coronets,导演: 罗伯特・哈默 主演: 亚历克・吉尼斯 / 瓦莱莉娅・霍布森 / 丹尼斯・普莱斯 类型: 喜剧 / 犯罪 制片国家/地区: 英国 年份: 1949,8.4,(5863人评价)
,,,
冰血暴 Fargo,导演: 乔尔・科恩 主演: 威廉姆・H・梅西 / 史蒂夫・布西密 / 彼得・斯特曼 类型: 犯罪 / 剧情 / 惊悚 制片国家/地区: 美国/英国 年份: 1996,8.0,(77170人评价)
伊凡雷帝2 Иван Грозный 2: Боярский заговор,导演: 谢尔盖・爱森斯坦 主演: 尼古拉・切尔卡索夫 / 帕维尔・卡道奇尼科夫 / 弗谢沃罗德・普多夫金 类型: 传记 / 历史 制片国家/地区: 苏联 年份: 1958,8.2,(1137人评价)
,,,
,,,
群众 The Crowd,导演: 金・维多 主演: 埃莉诺・博德曼 / 詹姆斯・默里 / 伯特・罗奇 类型: 剧情 / 爱情 制片国家/地区: 美国 年份: 1928,8.4,(1758人评价)
乡村牧师日记 Journal d'un curé de campagne,导演: 罗伯特・布列松 主演: 克罗德・莱杜 / Jean Riveyre / Adrien Borel 类型: 剧情 / 悬疑 制片国家/地区: 法国 年份: 1951,8.2,(7500人评价)
天使之翼 Only Angels Have Wings,导演: 霍华德・霍克斯 主演: 加里・格兰特 / 琪恩・亚瑟 / 理查德・巴塞尔梅斯 类型: 剧情 / 冒险 / 爱情 制片国家/地区: 美国 年份: 1939,7.6,(841人评价)
夺宝奇兵 Raiders of the Lost Ark,导演: 史蒂文・斯皮尔伯格 主演: 哈里森・福特 / 凯伦・阿兰 / 保罗・弗里曼 类型: 动作 / 冒险 制片国家/地区: 美国/英国 年份: 1981,7.9,(80993人评价)
毕业生 The Graduate,导演: 迈克・尼科尔斯 主演: 安妮・班克罗夫特 / 达斯汀・霍夫曼 / 凯瑟琳・罗斯 类型: 剧情 / 喜剧 / 爱情 制片国家/地区: 美国 年份: 1967,8.0,(166468人评价)
,,,
西鹤一代女 西Q一代女,导演: 沟口健二 主演: 田中绢代 / 山根寿子 / 三船敏郎 类型: 剧情 制片国家/地区: 日本 年份: 1952,8.3,(5775人评价)
驱魔人 The Exorcist,导演: 威廉・弗莱德金 主演: 艾伦・伯斯汀 / 马克斯・冯・叙多夫 / 李・科布 类型: 恐怖 制片国家/地区: 美国 年份: 1973,7.6,(65639人评价)
禁忌 Tabu: A Story of the South Seas,导演: F・W・茂瑙 主演: Matahi / Anne Chevalier / 比尔・班布里奇 类型: 剧情 / 爱情 / 冒险 制片国家/地区: 美国 年份: 1931,8.0,(1265人评价)
德意志零年 Germania anno zero,导演: 罗伯托・罗西里尼 主演: 埃德蒙・默施克 / 恩斯特・皮茨肖 / 英格特劳德・欣策 类型: 剧情 / 战争 制片国家/地区: 意大利/法国/德国 年份: 1948,8.4,(5686人评价)
雌雄大盗 Bonnie and Clyde,导演: 阿瑟・佩恩 主演: 沃伦・比蒂 / 费・唐纳薇 / 迈克尔・波拉德 类型: 动作 / 传记 / 犯罪 制片国家/地区: 美国 年份: 1967,8.2,(41271人评价)
碧血金沙 The Treasure of the Sierra Madre,导演: 约翰・休斯顿 主演: 亨弗莱・鲍嘉 / 沃尔特・休斯顿 / 提姆・霍尔特 类型: 剧情 / 西部 / 冒险 制片国家/地区: 美国/墨西哥 年份: 1948,8.6,(7278人评价)
,,,
生命之树 The Tree of Life,导演: 泰伦斯・马力克 主演: 布拉德・皮特 / 西恩・潘 / 杰西卡・查斯坦 类型: 剧情 / 奇幻 / 家庭 制片国家/地区: 美国 年份: 2011,7.1,(41298人评价)
,,,
,,,
街角的商店 The Shop Around the Corner,导演: 恩斯特・刘别谦 主演: 玛格里特・苏利文 / 詹姆斯・斯图尔特 / 弗兰克・摩根 类型: 喜剧 / 爱情 / 剧情 制片国家/地区: 美国 年份: 1940,8.7,(9537人评价)
午后的迷惘 Meshes of the Afternoon,导演: 梅雅・黛伦 / 亚历山大・罕密德 主演: 梅雅・黛伦 / 亚历山大・罕密德 类型: 短片 制片国家/地区: 美国 年份: 1943,8.8,(12044人评价)
荒漠怪客 Johnny Guitar,导演: 尼古拉斯・雷 主演: 琼・克劳馥 / 斯特林・海登 / 梅赛德丝・麦坎布雷奇 类型: 剧情 / 西部 制片国家/地区: 美国 年份: 1954,7.9,(2479人评价)
,,,
,,,
,,,
不可饶恕 Unforgiven,导演: 克林特・伊斯特伍德 主演: 克林特・伊斯特伍德 / 吉恩・哈克曼 / 摩根・弗里曼 类型: 剧情 / 西部 制片国家/地区: 美国 年份: 1992,8.5,(62505人评价)
土拨鼠之日 Groundhog Day,导演: 哈罗德・雷米斯 主演: 比尔・默瑞 / 安迪・麦克道威尔 / 克里斯・艾略特 类型: 剧情 / 喜剧 / 爱情 / 奇幻 制片国家/地区: 美国 年份: 1993,8.6,(155061人评价)
,,,
蓝白红三部曲之红 Trois couleurs: Rouge,导演: 克日什托夫・基耶斯洛夫斯基 主演: 伊莲娜・雅各布 / 让-路易・特兰蒂尼昂 / 弗雷德里奎・费德 类型: 剧情 / 爱情 / 悬疑 制片国家/地区: 法国/波兰/瑞士 年份: 1994,8.7,(102047人评价)
操行零分 Zéro de conduite: Jeunes diables au collège,导演: 让・维果 主演: 让・达斯特 / Robert le Flon / Du Verron 类型: 喜剧 / 短片 / 剧情 制片国家/地区: 法国 年份: 1933,8.1,(5996人评价)
,,,
,,,
暖暖内含光 Eternal Sunshine of the Spotless Mind,导演: 米歇尔・贡德里 主演: 金・凯瑞 / 凯特・温丝莱特 / 伊利亚・伍德 类型: 剧情 / 爱情 / 科幻 制片国家/地区: 美国 年份: 2004,8.5,(220587人评价)
,,,
,,,
龙猫 となりのトトロ,导演: 宫崎骏 主演: 日高法子 / 坂本千夏 / 糸井重里 类型: 动画 / 奇幻 / 冒险 制片国家/地区: 日本 年份: 1988,9.2,(1110071人评价)
蓝白红三部曲之蓝 Trois couleurs: Bleu,导演: 克日什托夫・基耶斯洛夫斯基 主演: 朱丽叶・比诺什 / 贝努特・里格恩特 / 弗罗伦斯・派梅尔 类型: 剧情 / 爱情 / 音乐 制片国家/地区: 法国/波兰/瑞士 年份: 1993,8.5,(113989人评价)
浮云 浮,导演: 成濑巳喜男 主演: 高峰秀子 / 森雅之 / 冈田茉莉子 类型: 剧情 / 爱情 制片国家/地区: 日本 年份: 1955,8.6,(9149人评价)
光荣之路 Paths of Glory,导演: 斯坦利・库布里克 主演: 柯克・道格拉斯 / 拉尔夫・米克 / 阿道夫・门吉欧 类型: 剧情 / 战争 制片国家/地区: 美国 年份: 1957,9.1,(42963人评价)
,,,
,,,
,,,
,,,
,,,
,,,
谋杀绿脚趾 The Big Lebowski,导演: 乔尔・科恩 / 伊桑・科恩 主演: 杰夫・布里吉斯 / 约翰・古德曼 / 朱丽安・摩尔 类型: 喜剧 / 犯罪 制片国家/地区: 美国/英国 年份: 1998,7.7,(50633人评价)
,,,
蜘蛛巢城 蜘蛛z城,导演: 黑泽明 主演: 三船敏郎 / 山田五十铃 / 志村乔 类型: 剧情 / 历史 制片国家/地区: 日本 年份: 1957,8.5,(24063人评价)
美女与野兽 La belle et la bête,导演: 让・科克托 / 雷内・克莱芒 主演: 让・马雷 / 朱赛特・黛 / 米拉・帕雷利 类型: 剧情 / 奇幻 / 爱情 制片国家/地区: 法国 年份: 1946,7.8,(3730人评价)
一个国家的诞生 The Birth of a Nation,导演: 大卫・格里菲斯 主演: 丽莲・吉许 / 梅・马什 / 亨利・B・沃斯奥 类型: 剧情 / 历史 / 爱情 / 战争 / 西部 制片国家/地区: 美国 年份: 1915,7.9,(8773人评价)
,,,
周末 Week End,导演: 让-吕克・戈达尔 主演: 米蕾叶・达尔克 / 让・雅南 / 琼-皮尔里・卡尔弗恩 类型: 喜剧 / 剧情 制片国家/地区: 法国/意大利 年份: 1967,8.0,(3809人评价)
兰闺艳血 In a Lonely Place,导演: 尼古拉斯・雷 主演: 亨弗莱・鲍嘉 / 格洛丽亚・格雷厄姆 / 弗兰克・洛夫乔伊 类型: 剧情 / 黑色电影 / 悬疑 / 爱情 / 惊悚 制片国家/地区: 美国 年份: 1950,8.0,(3127人评价)
,,,
凡尔杜先生 Monsieur Verdoux,导演: 查理・卓别林 主演: 查理・卓别林 / 马迪・科雷尔 / 艾莉森・罗丹 类型: 喜剧 / 犯罪 / 剧情 制片国家/地区: 美国 年份: 1947,8.8,(8128人评价)
,,,
马耳他之鹰 The Maltese Falcon,导演: 约翰・休斯顿 主演: 亨弗莱・鲍嘉 / 玛丽・阿斯特 / 格拉黛丝・乔治 类型: 犯罪 / 黑色电影 / 悬疑 制片国家/地区: 美国 年份: 1941,7.5,(12049人评价)
,,,
,,,
,,,
,,,
,,,
夜长梦多 The Big Sleep,导演: 霍华德・霍克斯 主演: 亨弗莱・鲍嘉 / 劳伦・白考尔 / 约翰・里德格利 类型: 犯罪 / 黑色电影 / 悬疑 / 惊悚 制片国家/地区: 美国 年份: 1946,7.3,(5135人评价)
,,,
爱的激流 Love Streams,导演: 约翰・卡萨维蒂 主演: 约翰・卡萨维蒂 / 吉娜・罗兰兹 / 西摩・卡塞尔 类型: 喜剧 / 剧情 制片国家/地区: 美国 年份: 1984,8.1,(3253人评价)
,,,
,,,
,,,
,,,
,,,
奥菲斯 Orphée,导演: 让・科克托 主演: 让・马雷 / 弗朗索瓦・佩里埃 / 玛丽亚・卡萨雷斯 类型: 奇幻 / 剧情 / 爱情 制片国家/地区: 法国 年份: 1950,8.3,(2124人评价)
费城故事 The Philadelphia Story,导演: 乔治・库克 主演: 加里・格兰特 / 凯瑟琳・赫本 / 詹姆斯・斯图尔特 类型: 喜剧 / 爱情 制片国家/地区: 美国 年份: 1940,7.5,(6884人评价)
,,,
,,,
录影带谋杀案 Videodrome,导演: 大卫・柯南伯格 主演: 詹姆斯・伍兹 / 索尼娅・史密茨 / 黛布拉・哈里 类型: 科幻 / 悬疑 / 惊悚 / 恐怖 制片国家/地区: 加拿大 年份: 1983,7.4,(7164人评价)
,,,
,,,
,,,
落水狗 Reservoir Dogs,导演: 昆汀・塔伦蒂诺 主演: 哈威・凯特尔 / 蒂姆・罗斯 / 迈克尔・马德森 类型: 惊悚 / 犯罪 制片国家/地区: 美国 年份: 1992,8.4,(180893人评价)
哈洛与慕德 Harold and Maude,导演: 哈尔・阿什贝 主演: 鲁思・戈登 / 巴德・库特 / 维维安・皮克尔斯 类型: 剧情 / 喜剧 制片国家/地区: 美国 年份: 1971,8.2,(6368人评价)
,,,
偷窥狂 Peeping Tom,导演: 迈克尔・鲍威尔 主演: 卡尔海因茨・伯姆 / 莫伊拉・希勒 / 安娜・玛西 类型: 剧情 / 犯罪 / 惊悚 制片国家/地区: 英国 年份: 1960,7.9,(6974人评价)
星球大战2：帝国反击战 Star Wars: Episode V - The Empire Strikes Back,导演: 厄文・克什纳 主演: 马克・哈米尔 / 哈里森・福特 / 凯丽・费雪 类型: 动作 / 冒险 / 科幻 制片国家/地区: 美国 年份: 1980,8.4,(91500人评价)
于洛先生的假期 Les vacances de Monsieur Hulot,导演: 雅克・塔蒂 主演: 雅克・塔蒂 / Nathalie Pascaud / 米舍利娜・罗拉 类型: 喜剧 制片国家/地区: 法国 年份: 1953,8.0,(7322人评价)
,,,
,,,
,,,
,,,
,,,
,,,
兰基先生的罪行 Le Crime de Monsieur Lange,导演: 让・雷诺阿 主演: René Lefèvre / 朱尔・贝里 / 弗洛雷勒 类型: 喜剧 / 犯罪 / 剧情 制片国家/地区: 法国 年份: 1936,7.2,(445人评价)
,,,
艳贼 Marnie,导演: 阿尔弗雷德・希区柯克 主演: 蒂比・海德莉 / 马丁・加贝尔 / 肖恩・康纳利 类型: 剧情 / 爱情 / 悬疑 制片国家/地区: 美国 年份: 1964,7.3,(16952人评价)
黑客帝国 The Matrix,导演: 莉莉・沃卓斯基 / 拉娜・沃卓斯基 主演: 基努・里维斯 / 劳伦斯・菲什伯恩 / 凯瑞-安・莫斯 类型: 动作 / 科幻 制片国家/地区: 美国 年份: 1999,9.1,(716342人评价)
怪形 The Thing,导演: 约翰・卡朋特 主演: 库尔特・拉塞尔 / 威尔福德・布利姆雷 / TK・卡特 类型: 科幻 / 悬疑 / 恐怖 制片国家/地区: 美国 年份: 1982,8.0,(41620人评价)
,,,
十月 Октябрь,导演: 格里高利・亚历山德罗夫 / 谢尔盖・爱森斯坦 主演: Nikolay Popov / Vasili Nikandrov / Layaschenko 类型: 剧情 / 历史 制片国家/地区: 苏联 年份: 1928,8.0,(1378人评价)
,,,
,,,
鲸鱼马戏团 Werckmeister harmóniák,导演: 贝拉・塔尔 / 阿尼亚斯・赫拉尼茨基 主演: 拉尔斯・鲁道夫 / 彼得・菲茨 / 汉娜・许古拉 类型: 剧情 / 悬疑 制片国家/地区: 匈牙利/意大利/德国/法国 年份: 2000,8.8,(9035人评价)
,,,
苦雨恋春风 Written on the Wind,导演: 道格拉斯・塞克 主演: 罗克・赫德森 / 劳伦・白考尔 / 罗伯特・斯塔克 类型: 剧情 / 爱情 制片国家/地区: 美国 年份: 1956,7.3,(1513人评价)
,,,
一夜风流 It Happened One Night,导演: 弗兰克・卡普拉 主演: 克拉克・盖博 / 克劳黛・考尔白 / 沃尔特・康诺利 类型: 喜剧 / 爱情 制片国家/地区: 美国 年份: 1934,8.8,(44396人评价)
,,,
,,,
寻子遇仙记 The Kid,导演: 查理・卓别林 主演: 查理・卓别林 / 卡尔米勒 / 艾德娜・珀薇安丝 类型: 剧情 / 喜剧 / 家庭 制片国家/地区: 美国 年份: 1921,9.2,(37514人评价)
热天午后 Dog Day Afternoon,导演: 西德尼・吕美特 主演: 阿尔・帕西诺 / 约翰・凯泽尔 / 查尔斯・德恩 类型: 剧情 / 喜剧 / 犯罪 制片国家/地区: 美国 年份: 1975,8.7,(75407人评价)
红色沙漠 Il deserto rosso,导演: 米开朗基罗・安东尼奥尼 主演: 莫尼卡・维蒂 / 理查德・哈里斯 / Carlo Chionetti 类型: 剧情 制片国家/地区: 意大利/法国 年份: 1964,8.0,(16291人评价)
侠女 b女,导演: 胡金铨 主演: 徐枫 / 石隽 / 白鹰 类型: 剧情 / 动作 / 武侠 / 古装 制片国家/地区: 中国台湾/中国香港 年份: 1970,8.6,(21422人评价)
,,,
,,,
西区故事 West Side Story,导演: 杰罗姆・罗宾斯 / 罗伯特・怀斯 主演: 娜塔莉・伍德 / 理查德・贝梅尔 / 拉斯・坦布林 类型: 犯罪 / 剧情 / 歌舞 / 爱情 制片国家/地区: 美国 年份: 1961,7.6,(9019人评价)
,,,
,,,
,,,
回到未来 Back to the Future,导演: 罗伯特・泽米吉斯 主演: 迈克尔・J・福克斯 / 克里斯托弗・洛伊德 / 莉・汤普森 类型: 喜剧 / 科幻 / 冒险 制片国家/地区: 美国 年份: 1985,8.7,(177701人评价)
,,,
青山翠谷 How Green Was My Valley,导演: 约翰・福特 主演: 沃尔特・皮金 / 玛琳・奥哈拉 / 安娜・李 类型: 剧情 / 家庭 制片国家/地区: 美国 年份: 1941,8.3,(4461人评价)
,,,
白雪公主和七个小矮人 Snow White and the Seven Dwarfs,导演: 戴维・汉德 主演: 阿德里亚娜・卡塞洛蒂 / 罗伊・阿特威尔 / Stuart Buchanan 类型: 动画 / 家庭 / 奇幻 / 歌舞 / 爱情 制片国家/地区: 美国 年份: 1937,8.4,(105004人评价)
射杀钢琴师 Tirez sur le pianiste,导演: 弗朗索瓦・特吕弗 主演: 夏尔・阿兹纳夫 / 玛丽・杜布瓦 / 妮科尔・贝尔热 类型: 剧情 / 惊悚 / 爱情 / 犯罪 制片国家/地区: 法国 年份: 1960,7.9,(5292人评价)
,,,
如果 If....,导演: 林赛・安德森 主演: 马尔科姆・麦克道威尔 / 大卫・伍德 / 理查德・沃里克 类型: 剧情 制片国家/地区: 英国 年份: 1968,8.1,(4286人评价)
死吻 Kiss Me Deadly,导演: 罗伯特・奥尔德里奇 主演: 拉尔夫・米克 / 阿尔伯特・德科 / 保罗・斯图尔特 类型: 犯罪 / 剧情 / 黑色电影 / 惊悚 制片国家/地区: 美国 年份: 1955,7.0,(1957人评价)
,,,
阿飞正传 阿w正,导演: 王家卫 主演: 张国荣 / 张曼玉 / 刘嘉玲 类型: 犯罪 / 剧情 / 爱情 制片国家/地区: 中国香港 年份: 1990,8.5,(437330人评价)
俄罗斯方舟 Русский ковчег,导演: 亚历山大・索科洛夫 主演: 谢尔盖・德雷登 / Mariya Kuznetsova / Valery Gergiev 类型: 剧情 / 奇幻 / 历史 制片国家/地区: 俄罗斯/德国/日本/加拿大/芬兰/丹麦 年份: 2002,7.6,(11207人评价)
,,,
,,,
绿光 Le rayon vert,导演: 埃里克・侯麦 主演: 玛丽・里维埃 / Amira Chemakhi / Sylvie Richez 类型: 剧情 / 爱情 制片国家/地区: 法国 年份: 1986,8.1,(26084人评价)
月球旅行记 Le voyage dans la lune,导演: 乔治・梅里爱 主演: 弗朗索瓦・拉勒芒 / 朱勒-尤金・乐可利 / 维克多・安德烈 类型: 喜剧 / 动作 / 科幻 / 奇幻 / 冒险 / 短片 制片国家/地区: 法国 年份: 1902,9.1,(36406人评价)
,,,
金玉盟 An Affair to Remember,导演: 莱奥・麦卡雷 主演: 加里・格兰特 / 黛博拉・蔻儿 / 理查德・邓宁 类型: 喜剧 / 剧情 / 爱情 制片国家/地区: 美国 年份: 1957,8.2,(9276人评价)
,,,
,,,
桂河大桥 The Bridge on the River Kwai,导演: 大卫・里恩 主演: 威廉・霍尔登 / 亚历克・吉尼斯 / 杰克・霍金斯 类型: 剧情 / 历史 / 战争 制片国家/地区: 英国/美国 年份: 1957,8.4,(22072人评价)
,,,
摇滚万万岁 This Is Spinal Tap,导演: 罗伯・莱纳 主演: 罗伯・莱纳 / 迈克尔・麦基恩 / 克里斯托弗・格斯特 类型: 喜剧 / 音乐 制片国家/地区: 美国 年份: 1984,7.5,(3205人评价)
,,,
,,,
怪房客 Le locataire,导演: 罗曼・波兰斯基 主演: 罗曼・波兰斯基 / 伊莎贝尔・阿佳妮 / 茂文・道格拉斯 类型: 剧情 / 惊悚 制片国家/地区: 法国 年份: 1976,7.9,(16706人评价)
五至七时的克莱奥 Cléo de 5 à 7,导演: 阿涅斯・瓦尔达 主演: 科琳娜・马尔尚 / 安托万・布尔塞耶 / 多米妮克・达夫雷 类型: 喜剧 / 剧情 / 音乐 制片国家/地区: 法国/意大利 年份: 1962,8.7,(17696人评价)
,,,
,,,
砂之女 砂の女,导演: 敕使河原宏 主演: 冈田英次 / 岸田今日子 / 三井弘次 类型: 剧情 制片国家/地区: 日本 年份: 1964,8.5,(9599人评价)
,,,
,,,
盗火线 Heat,导演: 迈克尔・曼 主演: 阿尔・帕西诺 / 罗伯特・德尼罗 / 方・基默 类型: 剧情 / 动作 / 犯罪 / 惊悚 制片国家/地区: 美国 年份: 1995,8.5,(104659人评价)
,,,
,,,
,,,
虎豹小霸王 Butch Cassidy and the Sundance Kid,导演: 乔治・罗伊・希尔 主演: 保罗・纽曼 / 罗伯特・雷德福 / 凯瑟琳・罗斯 类型: 冒险 / 犯罪 / 剧情 / 西部 制片国家/地区: 美国 年份: 1969,8.6,(17586人评价)
深锁春光一院愁 All That Heaven Allows,导演: 道格拉斯・塞克 主演: 简・怀曼 / 罗克・赫德森 / 阿格妮丝・摩尔海德 类型: 剧情 / 爱情 制片国家/地区: 美国 年份: 1955,7.5,(2531人评价)
用心棒,导演: 黑泽明 主演: 三船敏郎 / 仲代达矢 / 司叶子 类型: 剧情 / 动作 / 惊悚 制片国家/地区: 日本 年份: 1961,9.0,(38956人评价)
,,,
,,,
,,,
木屐树 L'albero degli zoccoli,导演: 埃曼诺・奥尔米 主演: Luigi Ornaghi / Francesca Moriggi / Omar Brignoli 类型: 剧情 / 历史 制片国家/地区: 意大利 年份: 1978,8.8,(2983人评价)
一个明星的诞生 A Star Is Born,导演: 乔治・库克 主演: 朱迪・加兰 / 詹姆斯・梅森 / 杰克・卡森 类型: 剧情 / 爱情 / 歌舞 制片国家/地区: 美国 年份: 1954,7.6,(1741人评价)
影子 Shadows,导演: 约翰・卡萨维蒂 主演: 本・卡鲁瑟斯 / 莱丽亚・古多尼 / 休・赫德 类型: 剧情 制片国家/地区: 美国 年份: 1958,7.7,(2001人评价)
,,,
天国与地狱 天国と地z,导演: 黑泽明 主演: 三船敏郎 / 仲代达矢 / 香川京子 类型: 剧情 / 犯罪 制片国家/地区: 日本 年份: 1963,8.7,(12431人评价)
,,,
,,,
,,,
,,,
伊万的童年 Иваново детство,导演: 安德烈・塔可夫斯基 / 爱德华・阿巴洛夫 主演: 尼古拉・布尔里亚耶夫 / 瓦连京・祖布科夫 / 叶甫盖尼・扎里科夫 类型: 剧情 / 战争 制片国家/地区: 苏联 年份: 1962,8.8,(29398人评价)
火山边缘之恋 Stromboli,导演: 罗伯托・罗西里尼 主演: 英格丽・褒曼 / 马里奥・维塔莱 / 伦佐・切萨纳 类型: 剧情 制片国家/地区: 意大利/美国 年份: 1950,8.0,(2164人评价)
,,,
沉默的羔羊 The Silence of the Lambs,导演: 乔纳森・戴米 主演: 朱迪・福斯特 / 安东尼・霍普金斯 / 斯科特・格伦 类型: 剧情 / 犯罪 / 惊悚 制片国家/地区: 美国 年份: 1991,8.9,(753488人评价)
,,,
,,,
正午 High Noon,导演: 弗雷德・金尼曼 主演: 加里・库珀 / 格蕾丝・凯利 / 托马斯・米切尔 类型: 剧情 / 西部 制片国家/地区: 美国 年份: 1952,8.4,(20448人评价)
,,,
,,,
江湖浪子 The Hustler,导演: 罗伯特・罗森 主演: 保罗・纽曼 / 杰基・格利森 / 派珀・劳瑞 类型: 剧情 / 爱情 / 运动 制片国家/地区: 美国 年份: 1961,7.7,(2706人评价)
机器人总动员 WALL・E,导演: 安德鲁・斯坦顿 主演: 本・贝尔特 / 艾丽莎・奈特 / 杰夫・格尔林 类型: 科幻 / 动画 / 冒险 制片国家/地区: 美国 年份: 2008,9.3,(1159728人评价)
,,,
,,,
,,,
,,,
,,,
,,,
逃亡 To Have and Have Not,导演: 霍华德・霍克斯 主演: 亨弗莱・鲍嘉 / 劳伦・白考尔 / 沃尔特・布伦南 类型: 喜剧 / 爱情 / 冒险 制片国家/地区: 美国 年份: 1944,7.7,(1695人评价)
,,,
大红灯笼高高挂,导演: 张艺谋 主演: 巩俐 / 马精武 / 何赛飞 类型: 剧情 制片国家/地区: 中国大陆/中国香港/中国台湾 年份: 1991,8.6,(212983人评价)
,,,
,,,
,,,
雏菊 Sedmikrásky,导演: 维拉・希蒂洛娃 主演: 伊特卡・采尔霍娃 / 伊万娜・卡尔班诺娃 / Julius Albert 类型: 喜剧 / 剧情 制片国家/地区: 捷克斯洛伐克 年份: 1966,8.4,(7146人评价)
狗镇 Dogville,导演: 拉斯・冯・提尔 主演: 妮可・基德曼 / 哈里特・安德森 / 劳伦・白考尔 类型: 剧情 / 悬疑 / 惊悚 制片国家/地区: 丹麦/瑞典/挪威/芬兰/英国/法国/德国/荷兰/意大利 年份: 2003,8.4,(134014人评价)
,,,
,,,
异形2 Aliens,导演: 詹姆斯・卡梅隆 主演: 西格妮・韦弗 / 凯莉・赫恩 / 迈克尔・比恩 类型: 动作 / 科幻 / 惊悚 / 冒险 制片国家/地区: 美国 年份: 1986,8.1,(130436人评价)
,,,
影子部队 L'armée des ombres,导演: 让-皮埃尔・梅尔维尔 主演: 利诺・文图拉 / 保罗・默里斯 / 让-皮埃尔・卡塞尔 类型: 剧情 / 战争 制片国家/地区: 法国/意大利 年份: 1969,8.6,(6441人评价)
,,,
,,,
,,,
,,,
漫长的告别 The Long Goodbye,导演: 罗伯特・奥特曼 主演: 埃利奥特・古尔德 / 妮娜・范・帕朗特 / 斯特林・海登 类型: 犯罪 / 剧情 / 惊悚 / 悬疑 制片国家/地区: 美国 年份: 1973,7.4,(2209人评价)
,,,
,,,
,,,
影武者,导演: 黑泽明 主演: 仲代达矢 / 山崎努 / c原健一 类型: 剧情 / 历史 / 战争 制片国家/地区: 日本/美国 年份: 1980,9.0,(59198人评价)
,,,
,,,
,,,
,,,
无辜的人 The Innocents,导演: 杰克・克莱顿 主演: 黛博拉・蔻儿 / 彼得・温贾德 / 梅格斯・詹金斯 类型: 恐怖 / 惊悚 制片国家/地区: 英国 年份: 1961,7.9,(3291人评价)
亚历山大・涅夫斯基 Александр Невский,导演: 谢尔盖・爱森斯坦 / 迪米特里・瓦西里耶夫 主演: 尼古拉・切尔卡索夫 / 尼克拉・奥赫洛普科夫 / 安德烈・阿布里科索夫 类型: 动作 / 剧情 / 历史 / 战争 制片国家/地区: 苏联 年份: 1938,7.1,(733人评价)
,,,
放荡的女皇 The Scarlet Empress,导演: 约瑟夫・冯・斯登堡 主演: 玛琳・黛德丽 / 约翰・洛基 / 山姆・谢斐 类型: 剧情 / 历史 / 爱情 制片国家/地区: 美国 年份: 1934,7.2,(816人评价)
,,,
舞台春秋 Limelight,导演: 查理・卓别林 主演: 查理・卓别林 / 巴斯特・基顿 / 克莱尔・布鲁姆 类型: 喜剧 / 剧情 / 音乐 / 爱情 制片国家/地区: 美国 年份: 1952,8.9,(6413人评价)
,,,
战国妖姬 Senso,导演: 卢基诺・维斯康蒂 主演: 法利・格兰杰 / 阿莉达・瓦利 / 马西莫・吉洛蒂 类型: 剧情 / 历史 / 爱情 / 战争 制片国家/地区: 意大利 年份: 1954,7.3,(1824人评价)
日以作夜 La nuit américaine,导演: 弗朗索瓦・特吕弗 主演: 杰奎琳・比塞特 / 瓦伦蒂娜・格特斯 / 达尼 类型: 喜剧 / 剧情 / 爱情 制片国家/地区: 法国/意大利 年份: 1973,8.4,(9595人评价)
逍遥骑士 Easy Rider,导演: 丹尼斯・霍珀 主演: 彼得・方达 / 丹尼斯・霍珀 / 杰克・尼科尔森 类型: 剧情 / 冒险 制片国家/地区: 美国 年份: 1969,8.3,(20413人评价)
肖申克的救赎 The Shawshank Redemption,导演: 弗兰克・德拉邦特 主演: 蒂姆・罗宾斯 / 摩根・弗里曼 / 鲍勃・冈顿 类型: 犯罪 / 剧情 制片国家/地区: 美国 年份: 1994,9.7,(2508125人评价)
,,,
,,,
,,,
大象 Elephant,导演: 格斯・范・桑特 主演: 阿里克斯・弗罗斯特 / 约翰・罗宾森 / 埃里克・德伦 类型: 犯罪 / 剧情 制片国家/地区: 美国 年份: 2003,7.8,(66924人评价)
,,,
,,,
,,,
,,,
,,,
火车怪客 Strangers on a Train,导演: 阿尔弗雷德・希区柯克 主演: 法利・格兰杰 / 罗伯特・沃克 / 露丝・罗曼 类型: 犯罪 / 惊悚 / 黑色电影 制片国家/地区: 美国 年份: 1951,8.1,(31327人评价)
,,,
原野奇侠 Shane,导演: 乔治・史蒂文斯 主演: 艾伦・拉德 / 琪恩・亚瑟 / 凡・赫夫林 类型: 剧情 / 西部 制片国家/地区: 美国 年份: 1953,7.6,(2892人评价)
幻想曲 Fantasia,导演: 詹姆斯・阿尔格 / 福特・毕比 / Samuel Armstrong / Norman Ferguson / Jim Handley / T. Hee / Wilfred Jackson / Hamilton Luske / Bill Roberts / 保罗・萨特菲尔德 / 宾・沙普斯坦 主演: 华特・迪士尼 / 列奥波德・斯托科夫斯基 / Deems Taylor 类型: 动画 / 奇幻 / 音乐 制片国家/地区: 美国 年份: 1940,8.9,(14770人评价)
,,,
,,,
麦秋 秋,导演: 小津安二郎 主演: 原节子 / 笠智众 / 淡岛千景 类型: 剧情 / 家庭 制片国家/地区: 日本 年份: 1951,8.7,(10337人评价)
,,,
象人 The Elephant Man,导演: 大卫・林奇 主演: 安东尼・霍普金斯 / 约翰・赫特 / 安妮・班克罗夫特 类型: 剧情 / 传记 制片国家/地区: 美国 年份: 1980,8.2,(25201人评价)
疯狂的麦克斯2 Mad Max 2,导演: 乔治・米勒 主演: 梅尔・吉布森 / 布鲁斯・斯宾斯 / 弗农・威尔斯 类型: 动作 / 科幻 / 惊悚 / 冒险 制片国家/地区: 澳大利亚 年份: 1981,7.3,(16733人评价)
,,,
私恋失调 Punch-Drunk Love,导演: 保罗・托马斯・安德森 主演: 亚当・桑德勒 / 艾米丽・沃森 / 菲利普・塞默・霍夫曼 类型: 喜剧 / 剧情 / 爱情 制片国家/地区: 美国 年份: 2002,7.9,(10532人评价)
终结者 The Terminator,导演: 詹姆斯・卡梅隆 主演: 阿诺・施瓦辛格 / 迈克尔・比恩 / 琳达・汉密尔顿 类型: 动作 / 科幻 / 惊悚 制片国家/地区: 美国/英国 年份: 1984,8.2,(182443人评价)
木偶奇遇记 Pinocchio,导演: 汉密尔顿・卢斯科 / 宾・沙普斯坦 主演: 梅尔・布兰科 / 弗兰基・达罗 / 克里夫・爱德华兹 类型: 剧情 / 动画 / 奇幻 / 音乐 制片国家/地区: 美国 年份: 1940,8.4,(45929人评价)
玩具总动员 Toy Story,导演: 约翰・拉塞特 主演: 汤姆・汉克斯 / 蒂姆・艾伦 / 唐・里克斯 类型: 喜剧 / 动画 / 家庭 制片国家/地区: 美国 年份: 1995,8.5,(314362人评价)
,,,
,,,
上海小姐 The Lady from Shanghai,导演: 奥逊・威尔斯 主演: 丽塔・海华斯 / 奥逊・威尔斯 / 埃弗雷特・斯隆 类型: 犯罪 / 剧情 / 黑色电影 / 悬疑 制片国家/地区: 美国 年份: 1947,8.0,(6255人评价)
,,,
音乐之声 The Sound of Music,导演: 罗伯特・怀斯 主演: 朱莉・安德鲁斯 / 克里斯托弗・普卢默 / 埃琳诺・帕克 类型: 剧情 / 传记 / 爱情 / 歌舞 制片国家/地区: 美国 年份: 1965,9.1,(520845人评价)
,,,
,,,
卧虎藏龙 P虎藏,导演: 李安 主演: 周润发 / 杨紫琼 / 章子怡 类型: 剧情 / 爱情 / 武侠 制片国家/地区: 中国台湾/中国香港/美国/中国大陆 年份: 2000,8.3,(393472人评价)
步步惊魂 Point Blank,导演: 约翰・保曼 主演: 李・马文 / 安吉・迪金森 / 凯勒・欧康纳 类型: 犯罪 / 剧情 / 惊悚 制片国家/地区: 美国 年份: 1967,7.4,(930人评价)
,,,
,,,
阿甘正传 Forrest Gump,导演: 罗伯特・泽米吉斯 主演: 汤姆・汉克斯 / 罗宾・怀特 / 加里・西尼斯 类型: 剧情 / 爱情 制片国家/地区: 美国 年份: 1994,9.5,(1884487人评价)
海上花,导演: 侯孝贤 主演: 梁朝伟 / 羽田美智子 / 刘嘉玲 类型: 剧情 制片国家/地区: 中国台湾/日本 年份: 1998,8.2,(61900人评价)
,,,
黄土地,导演: 陈凯歌 主演: 薛白 / 王学圻 / 谭托 类型: 剧情 / 音乐 制片国家/地区: 中国大陆 年份: 1984,7.9,(29186人评价)
,,,
,,,
"船长二世 Steamboat Bill, Jr.",导演: 查尔斯・赖斯纳 / 巴斯特・基顿 主演: 巴斯特・基顿 / 汤姆・麦奎尔 / 欧内斯特・托伦斯 类型: 剧情 / 喜剧 / 动作 / 爱情 / 家庭 制片国家/地区: 美国 年份: 1928,8.6,(3384人评价)
,,,
,,,
雁南飞 Летят журавли,导演: 米哈依尔・卡拉托佐夫 主演: 塔吉娅娜・萨莫依洛娃 / 阿列克谢・巴塔洛夫 / 瓦西里・梅尔库里耶夫 类型: 剧情 / 爱情 / 战争 制片国家/地区: 苏联 年份: 1957,8.7,(12356人评价)
我的舅舅 Mon Oncle,导演: 雅克・塔蒂 主演: 让・皮埃尔・佐拉 / Adrienne Servantie / Lucien Frégis 类型: 喜剧 制片国家/地区: 意大利/法国 年份: 1958,8.6,(13087人评价)
,,,
,,,
,,,
,,,
对她说 Hable con ella,导演: 佩德罗・阿莫多瓦 主演: 哈维尔・卡马拉 / 达里奥・格兰迪内蒂 / 蕾欧诺・瓦特林 类型: 剧情 / 爱情 制片国家/地区: 西班牙 年份: 2002,8.5,(80432人评价)
,,,
,,,
,,,
巴顿・芬克 Barton Fink,导演: 乔尔・科恩 / 伊桑・科恩 主演: 约翰・特托罗 / 约翰・古德曼 / 朱迪・戴维斯 类型: 剧情 / 喜剧 / 惊悚 制片国家/地区: 美国/英国 年份: 1991,8.1,(31557人评价)
金发女郎的爱情 Lásky jedné plavovlásky,导演: 米洛斯・福尔曼 主演: 哈娜・布赖霍娃 / 乌拉迪米尔・布戳特 / 弗拉迪米尔・门西克 类型: 喜剧 / 爱情 / 剧情 制片国家/地区: 捷克斯洛伐克 年份: 1965,7.5,(1147人评价)
,,,
,,,
离魂异客 Dead Man,导演: 吉姆・贾木许 主演: 约翰尼・德普 / 加利・法梅尔 / 克里斯平・格洛弗 类型: 剧情 / 西部 / 奇幻 / 冒险 制片国家/地区: 美国/德国/日本 年份: 1995,8.0,(19674人评价)
大地在波动 La terra trema,导演: 卢基诺・维斯康蒂 主演: Antonio Arcidiacono / Giuseppe Arcidiacono / Venera Bonaccorso 类型: 剧情 制片国家/地区: 意大利 年份: 1952,8.1,(1752人评价)
科学怪人 Frankenstein,导演: 詹姆斯・惠尔 主演: 科林・克利夫 / 梅・克拉克 / 约翰・博尔斯 类型: 科幻 / 恐怖 制片国家/地区: 美国 年份: 1931,7.5,(6344人评价)
"阿尔法城 Alphaville, une étrange aventure de Lemmy Caution",导演: 让-吕克・戈达尔 主演: 埃迪・康斯坦丁 / 安娜・卡里娜 / 阿基姆・坦米罗夫 类型: 剧情 / 科幻 / 悬疑 制片国家/地区: 法国/意大利 年份: 1965,7.8,(6623人评价)
窃听风暴 Das Leben der Anderen,导演: 弗洛里安・亨克尔・冯・多纳斯马尔克 主演: 乌尔里希・穆埃 / 马蒂娜・格德克 / 塞巴斯蒂安・科赫 类型: 剧情 / 悬疑 制片国家/地区: 德国 年份: 2006,9.2,(487762人评价)
月光光心慌慌 Halloween,导演: 约翰・卡朋特 主演: 唐纳德・普利森斯 / 杰米・李・柯蒂斯 / 南希・凯斯 类型: 惊悚 / 恐怖 制片国家/地区: 美国 年份: 1978,6.7,(13159人评价)
待客之道 Our Hospitality,导演: 约翰・布莱斯通 / 巴斯特・基顿 主演: 巴斯特・基顿 / 娜塔莉・塔尔梅奇 / 乔・罗伯茨 类型: 喜剧 / 爱情 / 惊悚 制片国家/地区: 美国 年份: 1923,8.6,(4754人评价)
窈窕淑男 Tootsie,导演: 西德尼・波拉克 主演: 达斯汀・霍夫曼 / 杰西卡・兰格 / 特瑞・加尔 类型: 喜剧 / 爱情 制片国家/地区: 美国 年份: 1982,8.1,(11253人评价)
总统班底 All the President's Men,导演: 艾伦・J・帕库拉 主演: 达斯汀・霍夫曼 / 罗伯特・雷德福 / 杰克・瓦尔登 类型: 剧情 / 历史 / 惊悚 制片国家/地区: 美国 年份: 1976,7.9,(7834人评价)
赌城风云 Casino,导演: 马丁・斯科塞斯 主演: 罗伯特・德尼罗 / 莎朗・斯通 / 乔・佩西 类型: 传记 / 犯罪 / 剧情 制片国家/地区: 美国/法国 年份: 1995,8.3,(37804人评价)
,,,
仆人 The Servant,导演: 约瑟夫・罗西 主演: 德克・博加德 / 詹姆斯・福克斯 / 莎拉・米尔斯 类型: 剧情 制片国家/地区: 英国 年份: 1963,8.3,(2864人评价)
,,,
,,,
,,,
日瓦戈医生 Doctor Zhivago,导演: 大卫・里恩 主演: 奥马尔・沙里夫 / 朱莉・克里斯蒂 / 杰拉丁・卓别林 类型: 剧情 / 爱情 / 战争 制片国家/地区: 美国/意大利/英国 年份: 1965,8.5,(17247人评价)
,,,
,,,
,,,
妮诺契卡 Ninotchka,导演: 恩斯特・刘别谦 主演: 葛丽泰・嘉宝 / 茂文・道格拉斯 / 艾娜・克莱尔 类型: 喜剧 / 爱情 制片国家/地区: 美国 年份: 1939,7.9,(4095人评价)
猜火车 Trainspotting,导演: 丹尼・博伊尔 主演: 伊万・麦克格雷格 / 艾文・布莱纳 / 约翰尼・李・米勒 类型: 剧情 / 犯罪 制片国家/地区: 英国 年份: 1996,8.6,(376149人评价)
无因的反叛 Rebel Without a Cause,导演: 尼古拉斯・雷 主演: 詹姆斯・迪恩 / 娜塔莉・伍德 / 萨尔・米涅奥 类型: 剧情 制片国家/地区: 美国 年份: 1955,8.0,(13006人评价)
,,,
,,,
不法之徒 Down by Law,导演: 吉姆・贾木许 主演: 汤姆・威兹 / 约翰・劳瑞 / 罗伯托・贝尼尼 类型: 剧情 / 喜剧 / 犯罪 制片国家/地区: 美国/西德 年份: 1986,8.2,(11130人评价)
汉娜姐妹 Hannah and Her Sisters,导演: 伍迪・艾伦 主演: 伍迪・艾伦 / 米亚・法罗 / 凯丽・费雪 类型: 喜剧 / 剧情 / 爱情 制片国家/地区: 美国 年份: 1986,8.0,(11806人评价)
,,,
霸王别姬,导演: 陈凯歌 主演: 张国荣 / 张丰毅 / 巩俐 类型: 剧情 / 爱情 / 同性 制片国家/地区: 中国大陆/中国香港 年份: 1993,9.6,(1864578人评价)
,,,
辣手摧花 Shadow of a Doubt,导演: 阿尔弗雷德・希区柯克 主演: 特雷莎・怀特 / 约瑟夫・科顿 / 麦克唐纳・凯瑞 类型: 剧情 / 犯罪 / 悬疑 制片国家/地区: 美国 年份: 1943,7.5,(22130人评价)
十二怒汉 12 Angry Men,导演: 西德尼・吕美特 主演: 亨利・方达 / 马丁・鲍尔萨姆 / 约翰・菲德勒 类型: 剧情 制片国家/地区: 美国 年份: 1957,9.4,(407443人评价)
,,,
罗拉秘史 Laura,导演: 奥托・普雷明格 主演: 吉恩・蒂尔尼 / 达纳・安德鲁斯 / 克利夫顿・韦伯 类型: 剧情 / 爱情 / 悬疑 / 黑色电影 制片国家/地区: 美国 年份: 1944,7.8,(2714人评价)
夜阑人未静 The Asphalt Jungle,导演: 约翰・休斯顿 主演: 斯特林・海登 / 路易斯・卡尔亨 / 简・哈根 类型: 犯罪 / 黑色电影 / 剧情 制片国家/地区: 美国 年份: 1950,7.8,(1850人评价)
,,,
,,,
,,,
伊甸园之东 East of Eden,导演: 伊利亚・卡赞 主演: 詹姆斯・迪恩 / 朱丽・哈里斯 / 雷蒙德・马西 类型: 剧情 制片国家/地区: 美国 年份: 1955,8.2,(4359人评价)
,,,
,,,
,,,
,,,
,,,
,,,
,,,
,,,
,,,
布杜落水遇救记 Boudu sauvé des eaux,导演: 让・雷诺阿 主演: 米歇尔・西蒙 / 玛塞勒・海尼亚 / Sévérine Lerczinska 类型: 喜剧 制片国家/地区: 法国 年份: 1932,7.6,(743人评价)
秘密与谎言 Secrets & Lies,导演: 迈克・李 主演: 蒂莫西・斯波 / 菲利斯・洛根 / 布兰达・布莱斯 类型: 剧情 / 喜剧 / 家庭 制片国家/地区: 英国/法国 年份: 1996,8.1,(4833人评价)
远大前程 Great Expectations,导演: 大卫・里恩 主演: 约翰・米尔斯 / Anthony Wager / 瓦莱莉娅・霍布森 类型: 剧情 / 爱情 制片国家/地区: 英国 年份: 1946,7.8,(2978人评价)
,,,
,,,
生死狂澜 Deliverance,导演: 约翰・保曼 主演: 强・沃特 / 伯特・雷诺兹 / 尼德・巴蒂 类型: 冒险 / 剧情 / 惊悚 制片国家/地区: 美国 年份: 1972,7.5,(1625人评价)
老无所依 No Country for Old Men,导演: 伊桑・科恩 / 乔尔・科恩 主演: 汤米・李・琼斯 / 哈维尔・巴登 / 乔什・布洛林 类型: 犯罪 / 剧情 / 惊悚 制片国家/地区: 美国 年份: 2007,8.3,(254987人评价)
,,,
,,,
,,,
,,,
迷失东京 Lost in Translation,导演: 索菲亚・科波拉 主演: 斯嘉丽・约翰逊 / 比尔・默瑞 / 吉奥瓦尼・瑞比西 类型: 剧情 / 爱情 制片国家/地区: 美国/日本 年份: 2003,7.7,(199441人评价)
蓝天使 Der blaue Engel,导演: 约瑟夫・冯・斯登堡 主演: 埃米尔・雅宁斯 / 玛琳・黛德丽 / 库尔特・盖瑞 类型: 剧情 / 歌舞 制片国家/地区: 德国 年份: 1930,7.8,(2833人评价)
,,,
贵妇失踪记 The Lady Vanishes,导演: 阿尔弗雷德・希区柯克 主演: 玛格丽特・洛克伍德 / 迈克尔・雷德格瑞夫 / 保罗・卢卡斯 类型: 喜剧 / 悬疑 / 惊悚 制片国家/地区: 英国 年份: 1938,8.0,(21138人评价)
,,,
法国贩毒网 The French Connection,导演: 威廉・弗莱德金 主演: 吉恩・哈克曼 / 费尔南多・雷伊 / 罗伊・谢德 类型: 动作 / 犯罪 / 惊悚 制片国家/地区: 美国 年份: 1971,7.7,(9431人评价)
,,,
公主艳史 Love Me Tonight,导演: 鲁本・马莫利安 主演: C.奥布雷・史密斯 / 莫里斯・舍瓦利耶 / 珍妮特・麦克唐纳 类型: 歌舞 / 喜剧 制片国家/地区: 美国 年份: 1932,7.3,(265人评价)
人工智能 Artificial Intelligence: AI,导演: 史蒂文・斯皮尔伯格 主演: 海利・乔・奥斯蒙 / 弗兰西丝・奥康纳 / 山姆・洛巴兹 类型: 剧情 / 科幻 制片国家/地区: 美国/英国 年份: 2001,8.7,(384114人评价)
内陆帝国 Inland Empire,导演: 大卫・林奇 主演: 劳拉・邓恩 / 杰瑞米・艾恩斯 / 贾斯汀・塞洛克斯 类型: 剧情 / 悬疑 / 惊悚 制片国家/地区: 法国/波兰/美国 年份: 2006,7.6,(7866人评价)
,,,
洛奇 Rocky,导演: 约翰・G・艾维尔森 主演: 西尔维斯特・史泰龙 / 塔莉娅・夏尔 / 波特・杨 类型: 剧情 / 爱情 / 运动 制片国家/地区: 美国 年份: 1976,8.7,(51223人评价)
,,,
宾虚 Ben-Hur,导演: 威廉・惠勒 主演: 查尔顿・赫斯顿 / 杰克・霍金斯 / 哈雅・哈拉里特 类型: 剧情 / 动作 / 历史 / 战争 / 冒险 制片国家/地区: 美国 年份: 1959,8.7,(30972人评价)
,,,
红圈 Le cercle rouge,导演: 让-皮埃尔・梅尔维尔 主演: 阿兰・德龙 / 布尔维尔 / 吉安・马里亚・沃隆特 类型: 犯罪 / 剧情 / 惊悚 制片国家/地区: 法国/意大利 年份: 1970,8.3,(8664人评价)
天涯何处觅知音 Splendor in the Grass,导演: 伊利亚・卡赞 主演: 沃伦・比蒂 / 娜塔莉・伍德 / 奥黛丽・克里斯蒂 类型: 剧情 / 爱情 制片国家/地区: 美国 年份: 1961,8.0,(1430人评价)
,,,
法外之徒 Bande à part,导演: 让-吕克・戈达尔 主演: 安娜・卡里娜 / 达妮埃尔・吉拉尔 / 路易莎・科尔佩恩 类型: 犯罪 / 剧情 制片国家/地区: 法国 年份: 1964,8.6,(18778人评价)
花火 HANA-BI,导演: 北野武 主演: 北野武 / 岸本加世子 / 大杉涟 类型: 剧情 / 爱情 / 犯罪 / 惊悚 制片国家/地区: 日本 年份: 1997,8.6,(94169人评价)
,,,
疤面煞星 Scarface,导演: 布莱恩・德・帕尔玛 主演: 阿尔・帕西诺 / 斯蒂文・鲍尔 / 米歇尔・菲佛 类型: 犯罪 / 剧情 / 惊悚 制片国家/地区: 美国 年份: 1983,8.3,(67092人评价)
虎胆龙威 Die Hard,导演: 约翰・麦克蒂尔南 主演: 布鲁斯・威利斯 / 邦妮・比蒂丽娅 / 雷金纳德・维尔约翰逊 类型: 动作 / 犯罪 / 惊悚 制片国家/地区: 美国 年份: 1988,8.2,(74889人评价)
抚养亚利桑纳 Raising Arizona,导演: 伊桑・科恩 / 乔尔・科恩 主演: 尼古拉斯・凯奇 / 霍利・亨特 / 特雷・威尔逊 类型: 冒险 / 喜剧 / 犯罪 / 悬疑 制片国家/地区: 美国 年份: 1987,7.4,(10458人评价)
,,,
,,,
,,,
天才一族 The Royal Tenenbaums,导演: 韦斯・安德森 主演: 吉恩・哈克曼 / 安杰丽卡・休斯顿 / 本・斯蒂勒 类型: 剧情 / 喜剧 / 家庭 制片国家/地区: 美国 年份: 2001,8.1,(40214人评价)
,,,
,,,
蝴蝶梦 Rebecca,导演: 阿尔弗雷德・希区柯克 主演: 劳伦斯・奥利弗 / 琼・芳登 / 乔治・桑德斯 类型: 剧情 / 爱情 / 悬疑 制片国家/地区: 美国 年份: 1940,8.3,(77050人评价)
,,,
,,,
郎心似铁 A Place in the Sun,导演: 乔治・史蒂文斯 主演: 蒙哥马利・克利夫特 / 伊丽莎白・泰勒 / 谢利・温特斯 类型: 剧情 / 爱情 制片国家/地区: 美国 年份: 1951,7.7,(3424人评价)
,,,
纯真年代 The Age of Innocence,导演: 马丁・斯科塞斯 主演: 丹尼尔・戴-刘易斯 / 米歇尔・菲佛 / 薇诺娜・瑞德 类型: 剧情 / 爱情 制片国家/地区: 美国 年份: 1993,8.2,(51343人评价)
,,,
杀手 The Killing,导演: 斯坦利・库布里克 主演: 斯特林・海登 / 柯琳・格蕾 / 文斯・爱德华兹 类型: 犯罪 / 黑色电影 / 惊悚 制片国家/地区: 美国 年份: 1956,8.6,(25045人评价)
,,,
,,,
,,,
新桥恋人 Les amants du Pont-Neuf,导演: 莱奥・卡拉克斯 主演: 朱丽叶・比诺什 / 德尼・拉旺 类型: 剧情 / 爱情 制片国家/地区: 法国 年份: 1991,8.1,(44480人评价)
,,,
记忆碎片 Memento,导演: 克里斯托弗・诺兰 主演: 盖・皮尔斯 / 凯瑞-安・莫斯 / 乔・潘托里亚诺 类型: 犯罪 / 剧情 / 悬疑 / 惊悚 制片国家/地区: 美国 年份: 2000,8.7,(533244人评价)
,,,
,,,
,,,
,,,
,,,
,,,
潘神的迷宫 El laberinto del fauno,导演: 吉尔莫・德尔・托罗 主演: 伊万娜・巴克罗 / 塞尔希・洛佩斯 / 玛丽维尔・贝尔杜 类型: 剧情 / 战争 / 奇幻 制片国家/地区: 西班牙/墨西哥/美国 年份: 2006,7.9,(203278人评价)
,,,
,,,
蒂凡尼的早餐 Breakfast at Tiffany's,导演: 布莱克・爱德华兹 主演: 奥黛丽・赫本 / 乔治・佩帕德 / 帕德里夏・妮尔 类型: 喜剧 / 剧情 / 爱情 制片国家/地区: 美国 年份: 1961,8.1,(212424人评价)
,,,
,,,
,,,
青年林肯 Young Mr. Lincoln,导演: 约翰・福特 主演: 亨利・方达 / 艾丽丝・布雷迪 / 玛乔丽・韦弗 类型: 传记 / 剧情 制片国家/地区: 美国 年份: 1939,7.5,(1201人评价)
,,,
年少轻狂 Dazed and Confused,导演: 理查德・林克莱特 主演: 杰森・伦敦 / 乔伊・劳伦・亚当斯 / 米拉・乔沃维奇 类型: 喜剧 / 剧情 制片国家/地区: 美国 年份: 1993,7.2,(4497人评价)
天使爱美丽 Le fabuleux destin d'Amélie Poulain,导演: 让-皮埃尔・热内 主演: 奥黛丽・塔图 / 马修・卡索维茨 / 吕菲斯 类型: 剧情 / 喜剧 / 爱情 制片国家/地区: 法国/德国 年份: 2001,8.7,(878597人评价)
,,,
三十九级台阶 The 39 Steps,导演: 阿尔弗雷德・希区柯克 主演: 罗伯特・多纳特 / 玛德琳・卡洛 / 露西・曼海姆 类型: 悬疑 / 惊悚 / 犯罪 制片国家/地区: 英国 年份: 1935,7.8,(28813人评价)
,,,
,,,
疤面人 Scarface,导演: 霍华德・霍克斯 / 理查德・罗森 主演: 保罗・穆尼 / 乔治・拉夫特 / 卡伦・莫利 类型: 剧情 / 动作 / 犯罪 / 黑色电影 制片国家/地区: 美国 年份: 1932,8.2,(3306人评价)
,,,
,,,
,,,
,,,
,,,
,,,
,,,
爱在日落黄昏时 Before Sunset,导演: 理查德・林克莱特 主演: 伊桑・霍克 / 朱莉・德尔佩 / 弗农・多布切夫 类型: 剧情 / 爱情 制片国家/地区: 美国/法国 年份: 2004,8.9,(461045人评价)
,,,
青春年少 Rushmore,导演: 韦斯・安德森 主演: 詹森・舒瓦兹曼 / 比尔・默瑞 / 奥莉维亚・威廉姆斯 类型: 喜剧 / 剧情 制片国家/地区: 美国 年份: 1998,8.1,(20579人评价)
,,,
开罗紫玫瑰 The Purple Rose of Cairo,导演: 伍迪・艾伦 主演: 米亚・法罗 / 杰夫・丹尼尔斯 / 丹尼・爱罗 类型: 喜剧 / 爱情 / 奇幻 制片国家/地区: 美国 年份: 1985,8.7,(36908人评价)
,,,
剪刀手爱德华 Edward Scissorhands,导演: 蒂姆・波顿 主演: 约翰尼・德普 / 薇诺娜・瑞德 / 黛安・韦斯特 类型: 剧情 / 奇幻 / 爱情 制片国家/地区: 美国 年份: 1990,8.7,(935889人评价)
,,,
十二宫 Zodiac,导演: 大卫・芬奇 主演: 杰克・吉伦哈尔 / 马克・鲁弗洛 / 安东尼・爱德华兹 类型: 剧情 / 传记 / 犯罪 / 悬疑 / 惊悚 制片国家/地区: 美国 年份: 2007,7.4,(168473人评价)
,,,
远方 Uzak,导演: 努里・比格・锡兰 主演: 穆扎菲・奥德默 / 伊敏・托普拉克 / 歇沃・简恩瑟 类型: 剧情 制片国家/地区: 土耳其 年份: 2002,8.3,(10627人评价)
一九五一年的欧洲 Europa '51,导演: 罗伯托・罗西里尼 主演: 英格丽・褒曼 / 亚历山大・诺克斯 / 埃托雷贾尼尼 类型: 剧情 制片国家/地区: 意大利 年份: 1952,8.1,(1844人评价)
航海家 The Navigator,导演: 唐纳德・克里斯普 / 巴斯特・基顿 主演: 巴斯特・基顿 / 凯瑟琳・麦奎尔 / 弗雷德里克・弗鲁姆 类型: 喜剧 / 动作 / 爱情 制片国家/地区: 美国 年份: 1924,8.3,(2029人评价)
,,,
,,,
他人之子 Le fils,导演: 让-皮埃尔・达内 / 吕克・达内 主演: 奥利维埃・古尔梅 / 摩根・马林 / Isabella Soupart 类型: 剧情 制片国家/地区: 比利时/法国 年份: 2002,8.1,(4612人评价)
史密斯先生到华盛顿 Mr. Smith Goes to Washington,导演: 弗兰克・卡普拉 主演: 詹姆斯・斯图尔特 / 琪恩・亚瑟 / 克劳德・雷恩斯 类型: 剧情 制片国家/地区: 美国 年份: 1939,8.6,(9612人评价)
,,,
,,,
哈泰利 Hatari!,导演: 霍华德・霍克斯 主演: 约翰・韦恩 / 哈迪・克鲁格 / 爱尔莎・玛蒂妮利 类型: 动作 / 冒险 / 剧情 / 爱情 制片国家/地区: 美国 年份: 1962,7.7,(530人评价)
,,,
大逃亡 The Great Escape,导演: 约翰・斯特奇斯 主演: 史蒂夫・麦奎因 / 詹姆斯・加纳 / 理查德・阿滕伯勒 类型: 剧情 / 历史 / 冒险 制片国家/地区: 美国 年份: 1963,8.3,(8249人评价)
米勒的十字路口 Miller's Crossing,导演: 伊桑・科恩 / 乔尔・科恩 主演: 加布里埃尔・伯恩 / 马西娅・盖伊・哈登 / 约翰・特托罗 类型: 犯罪 / 剧情 / 惊悚 制片国家/地区: 美国 年份: 1990,7.8,(10213人评价)
,,,
,,,
七宗罪 Se7en,导演: 大卫・芬奇 主演: 摩根・弗里曼 / 布拉德・皮特 / 凯文・史派西 类型: 剧情 / 犯罪 / 悬疑 / 惊悚 制片国家/地区: 美国 年份: 1995,8.8,(834488人评价)
,,,
小鹿斑比 Bambi,导演: 戴维・汉德 / 詹姆斯・阿尔格 / 塞缪尔・阿姆斯特朗 / 格雷厄姆・海德 / 比尔・罗伯茨 / 保罗・萨特菲尔德 / 诺曼・莱特 主演: 哈迪・奥尔布赖特 / Stan Alexander / Bobette Audrey 类型: 剧情 / 动画 制片国家/地区: 美国 年份: 1942,8.5,(30984人评价)
金盔 Casque d'or,导演: 雅克・贝克 主演: 西蒙・西涅莱 / 塞尔日・雷吉亚尼 / 克洛德・多芬 类型: 犯罪 / 剧情 / 爱情 制片国家/地区: 法国 年份: 1952,7.2,(870人评价)
,,,
,,,
,,,
,,,
三峡好人,导演: 贾樟柯 主演: 赵涛 / 韩三明 / 王宏伟 类型: 剧情 / 爱情 制片国家/地区: 中国大陆 年份: 2006,8.3,(114463人评价)
七次机会 Seven Chances,导演: 巴斯特・基顿 主演: 巴斯特・基顿 / T.罗伊・巴尔内斯 / 辛兹・爱德华 类型: 喜剧 / 爱情 制片国家/地区: 美国 年份: 1925,8.9,(9881人评价)
,,,
,,,
,,,
,,,
,,,
,,,
,,,
,,,
蝙蝠侠：黑暗骑士 The Dark Knight,导演: 克里斯托弗・诺兰 主演: 克里斯蒂安・贝尔 / 希斯・莱杰 / 艾伦・艾克哈特 类型: 剧情 / 动作 / 科幻 / 犯罪 / 惊悚 制片国家/地区: 美国/英国 年份: 2008,9.2,(911422人评价)
红气球 Le ballon rouge,导演: 艾尔伯特・拉摩里斯 主演: Pascal Lamorisse / 乔治・塞利耶 / Vladimir Popov 类型: 家庭 / 奇幻 / 短片 制片国家/地区: 法国 年份: 1956,8.8,(45361人评价)
斯巴达克斯 Spartacus,导演: 斯坦利・库布里克 主演: 柯克・道格拉斯 / 劳伦斯・奥利弗 / 简・西蒙斯 类型: 动作 / 冒险 / 传记 / 剧情 / 历史 制片国家/地区: 美国 年份: 1960,8.1,(22873人评价)
,,,
机器战警 RoboCop,导演: 保罗・范霍文 主演: 彼得・威勒 / 南茜・艾伦 / 丹・奥赫里奇 类型: 动作 / 犯罪 / 剧情 / 科幻 / 惊悚 制片国家/地区: 美国 年份: 1987,7.7,(39796人评价)
红高粱,导演: 张艺谋 主演: 巩俐 / 姜文 / 滕汝骏 类型: 剧情 / 历史 / 爱情 / 战争 制片国家/地区: 中国大陆 年份: 1988,8.4,(222018人评价)
变蝇人 The Fly,导演: 大卫・柯南伯格 主演: 杰夫・高布伦 / 吉娜・戴维斯 / 约翰・盖兹 类型: 恐怖 / 科幻 制片国家/地区: 美国/英国/加拿大 年份: 1986,7.3,(35407人评价)
西线无战事 All Quiet on the Western Front,导演: 刘易斯・迈尔斯通 主演: 路易斯・沃海姆 / 刘・艾尔斯 / 约翰・雷 类型: 剧情 / 动作 / 历史 / 战争 制片国家/地区: 美国 年份: 1930,8.8,(15877人评价)
切腹,导演: 小林正树 主演: 仲代达矢 / 石浜朗 / 岩下志麻 类型: 剧情 / 动作 / 悬疑 制片国家/地区: 日本 年份: 1962,9.4,(34474人评价)
欲望号街车 A Streetcar Named Desire,导演: 伊利亚・卡赞 主演: 费雯・丽 / 马龙・白兰度 / 金・亨特 类型: 剧情 制片国家/地区: 美国 年份: 1951,8.4,(39609人评价)
,,,
喋血双雄 喋血p雄,导演: 吴宇森 主演: 周润发 / 李修贤 / 叶倩文 类型: 动作 / 犯罪 / 剧情 / 惊悚 制片国家/地区: 中国香港 年份: 1989,8.5,(71891人评价)
,,,
,,,
,,,
天外魔花 Invasion of the Body Snatchers,导演: 唐・希格尔 主演: 凯文・麦卡锡 / 达娜・温特 / 拉里・盖茨 类型: 恐怖 / 科幻 / 惊悚 制片国家/地区: 美国 年份: 1956,7.8,(3541人评价)
,,,
,,,
血迷宫 Blood Simple,导演: 乔尔・科恩 主演: 约翰・盖兹 / 弗兰西斯・麦克多蒙德 / 丹・哈达亚 类型: 剧情 / 犯罪 / 悬疑 / 惊悚 制片国家/地区: 美国 年份: 1984,7.8,(32678人评价)
刺杀肯尼迪 JFK,导演: 奥利佛・斯通 主演: 凯文・科斯特纳 / 茜茜・斯派塞克 / 汤米・李・琼斯 类型: 传记 / 剧情 / 历史 / 悬疑 / 惊悚 制片国家/地区: 美国/法国 年份: 1991,8.8,(30966人评价)
下一站，天国 ワンダフルライフ,导演: 是枝裕和 主演: 井浦新 / 小田绘梨花 / 寺岛进 类型: 剧情 制片国家/地区: 日本 年份: 1998,8.1,(11237人评价)
春天不是读书天 Ferris Bueller's Day Off,导演: 约翰・休斯 主演: 马修・布罗德里克 / 阿兰・卢克 / 米娅・萨拉 类型: 喜剧 制片国家/地区: 美国 年份: 1986,8.0,(28312人评价)
,,,
洛丽塔 Lolita,导演: 斯坦利・库布里克 主演: 詹姆斯・梅森 / 谢利・温特斯 / 苏・莱恩 类型: 剧情 / 爱情 / 情色 制片国家/地区: 美国/英国 年份: 1962,7.8,(89197人评价)
夏夜的微笑 Sommarnattens leende,导演: 英格玛・伯格曼 主演: 厄拉・亚科布松 / 伊娃・达尔贝克 / 哈里特・安德森 类型: 喜剧 / 爱情 制片国家/地区: 瑞典 年份: 1955,7.7,(2969人评价)
,,,
怒火青春 La Haine,导演: 马修・卡索维茨 主演: 文森特・卡索 / 哈勃・孔黛 / 萨伊德・塔格马奥 类型: 犯罪 / 剧情 制片国家/地区: 法国 年份: 1995,8.2,(14671人评价)
巴格达妙贼 The Thief of Bagdad,导演: 路德维希・贝格尔 / 迈克尔・鲍威尔 / 蒂姆・威伦 主演: 康拉德・韦特 / Sabu / 琼・杜普雷 类型: 冒险 / 家庭 / 奇幻 制片国家/地区: 英国 年份: 1940,7.6,(1116人评价)
,,,
,,,
,,,
,,,
,,,
马戏团 The Circus,导演: 查理・卓别林 主演: 阿尔・欧内斯特・加西亚 / 梅尔纳・肯尼迪 / 哈里・克罗克 类型: 喜剧 / 爱情 制片国家/地区: 美国 年份: 1928,9.2,(18243人评价)
洛城机密 L.A. Confidential,导演: 柯蒂斯・汉森 主演: 凯文・史派西 / 罗素・克劳 / 盖・皮尔斯 类型: 剧情 / 犯罪 / 悬疑 / 惊悚 制片国家/地区: 美国 年份: 1997,8.8,(127373人评价)
乱点鸳鸯谱 The Misfits,导演: 约翰・休斯顿 主演: 克拉克・盖博 / 玛丽莲・梦露 / 蒙哥马利・克利夫特 类型: 喜剧 / 剧情 / 爱情 / 西部 制片国家/地区: 美国 年份: 1961,7.2,(1330人评价)
,,,
黄巾骑兵队 She Wore a Yellow Ribbon,导演: 约翰・福特 主演: 约翰・韦恩 / 乔安妮・德鲁 / 约翰・艾加尔 类型: 西部 制片国家/地区: 美国 年份: 1949,6.6,(641人评价)
,,,
巴黎浮世绘 Code inconnu: Récit incomplet de divers voyages,导演: 迈克尔・哈内克 主演: 朱丽叶・比诺什 / 蒂埃里・钮维 / 约瑟夫・贝尔比奇 类型: 剧情 制片国家/地区: 法国/德国/罗马尼亚 年份: 2000,7.7,(4209人评价)
,,,
,,,
,,,
,,,
雾码头 Le quai des brumes,导演: 马塞尔・卡尔内 主演: 皮埃尔・布拉瑟 / 勒内・热南 / 马塞尔・佩雷斯 类型: 剧情 / 爱情 / 犯罪 制片国家/地区: 法国 年份: 1938,7.8,(1891人评价)
,,,
泰坦尼克号 Titanic,导演: 詹姆斯・卡梅隆 主演: 莱昂纳多・迪卡普里奥 / 凯特・温丝莱特 / 比利・赞恩 类型: 剧情 / 爱情 / 灾难 制片国家/地区: 美国/墨西哥/澳大利亚/加拿大 年份: 1997,9.4,(1845884人评价)
,,,
星河战队 Starship Troopers,导演: 保罗・范霍文 主演: 卡斯帕・范・迪恩 / 迪娜・迈耶 / 丹妮丝・理查兹 类型: 动作 / 冒险 / 科幻 / 惊悚 制片国家/地区: 美国 年份: 1997,7.9,(92746人评价)
,,,
,,,
枪疯 Gun Crazy,导演: 约瑟夫・刘易斯 主演: 佩吉・卡明斯 / 约翰・道尔 / 托尼・巴尔 类型: 犯罪 / 剧情 / 黑色电影 / 爱情 / 惊悚 制片国家/地区: 美国 年份: 1950,7.8,(1228人评价)
,,,
,,,
倒扣的王牌 Ace in the Hole,导演: 比利・怀尔德 主演: 柯克・道格拉斯 / 简・斯特林 / 罗伯特・亚瑟 类型: 剧情 / 黑色电影 制片国家/地区: 美国 年份: 1951,8.7,(12049人评价)
爱 Amour,导演: 迈克尔・哈内克 主演: 让-路易・特兰蒂尼昂 / 埃玛妞・丽娃 / 伊莎贝尔・于佩尔 类型: 剧情 / 爱情 制片国家/地区: 法国/德国/奥地利 年份: 2012,8.6,(78359人评价)
,,,
制片人 The Producers,导演: 梅尔・布鲁克斯 主演: 泽罗・莫斯苔 / 吉恩・怀尔德 / 迪克・肖恩 类型: 喜剧 制片国家/地区: 美国 年份: 1968,7.5,(880人评价)
菲律宾浴血战 They Were Expendable,导演: 约翰・福特 / 罗伯特・蒙哥马利 主演: 罗伯特・蒙哥马利 / 约翰・韦恩 / 唐娜・里德 类型: 剧情 / 战争 制片国家/地区: 美国 年份: 1945,6.8,(182人评价)
,,,
,,,
,,,
,,,
红磨坊 Moulin Rouge!,导演: 巴兹・鲁赫曼 主演: 妮可・基德曼 / 伊万・麦克格雷格 / 约翰・雷吉扎莫 类型: 剧情 / 歌舞 / 爱情 制片国家/地区: 澳大利亚/美国 年份: 2001,7.9,(126102人评价)
烈日灼人 Утомлённые солнцем,导演: 尼基塔・米哈尔科夫 主演: 欧列格・缅希科夫 / 尼基塔・米哈尔科夫 / 茵格保加・达坤耐特 类型: 剧情 / 历史 制片国家/地区: 俄罗斯/法国 年份: 1994,8.6,(17020人评价)
,,,
焦点新闻 Z,导演: 科斯塔-加夫拉斯 主演: 伊夫・蒙当 / 艾琳・帕帕斯 / 让-路易・特兰蒂尼昂 类型: 剧情 / 历史 / 犯罪 制片国家/地区: 阿尔及利亚/法国 年份: 1969,8.3,(2892人评价)
,,,
太空先锋 The Right Stuff,导演: 菲利普・考夫曼 主演: 丹尼斯・奎德 / 山姆・夏普德 / 斯科特・格伦 类型: 冒险 / 剧情 / 历史 制片国家/地区: 美国 年份: 1983,7.9,(1931人评价)
阿凡达 Avatar,导演: 詹姆斯・卡梅隆 主演: 萨姆・沃辛顿 / 佐伊・索尔达娜 / 西格妮・韦弗 类型: 动作 / 科幻 / 冒险 制片国家/地区: 美国 年份: 2009,8.8,(1216759人评价)
,,,
,,,
,,,
,,,
再见，孩子们 Au revoir les enfants,导演: 路易・马勒 主演: 加斯帕・曼尼斯 / 拉斐尔・费伊特 / 弗朗辛・拉塞特 类型: 剧情 / 战争 制片国家/地区: 法国/西德/意大利 年份: 1987,8.6,(13008人评价)
,,,
,,,
,,,
,,,
,,,
恶魔 Les diaboliques,导演: 亨利-乔治・克鲁佐 主演: 西蒙・西涅莱 / 薇拉・克劳佐 / 保罗・默里斯 类型: 剧情 / 犯罪 / 悬疑 / 惊悚 制片国家/地区: 法国 年份: 1955,8.4,(14410人评价)
,,,
禁忌的游戏 Jeux interdits,导演: 雷内・克莱芒 主演: 乔吉斯・伯乔利 / 布丽吉特・佛西 / 阿梅代 类型: 剧情 / 战争 制片国家/地区: 法国 年份: 1952,8.4,(4662人评价)
,,,
摩根河的奇迹 The Miracle of Morgan's Creek,导演: 普莱斯顿・斯特奇斯 主演: 埃迪・布莱肯 / 蓓蒂・赫顿 / 戴安娜・琳 类型: 喜剧 / 爱情 / 战争 制片国家/地区: 美国 年份: 1943,7.0,(209人评价)
钢琴教师 La pianiste,导演: 迈克尔・哈内克 主演: 伊莎贝尔・于佩尔 / 安妮・吉拉尔多 / 伯努瓦・马吉梅尔 类型: 剧情 / 爱情 / 惊悚 / 情色 制片国家/地区: 奥地利/法国/德国 年份: 2001,7.5,(56273人评价)
指环王1：护戒使者 The Lord of the Rings: The Fellowship of the Ring,导演: 彼得・杰克逊 主演: 伊利亚・伍德 / 西恩・奥斯汀 / 伊恩・麦克莱恩 类型: 剧情 / 动作 / 奇幻 / 冒险 制片国家/地区: 新西兰/美国 年份: 2001,9.1,(735327人评价)
,,,
,,,
一个美国人在巴黎 An American in Paris,导演: 文森特・明奈利 主演: 吉恩・凯利 / 莱斯莉・卡伦 / 奥斯卡・黎凡特 类型: 剧情 / 爱情 / 歌舞 制片国家/地区: 美国 年份: 1951,7.0,(4610人评价)
摩洛哥 Morocco,导演: 约瑟夫・冯・斯登堡 主演: 加里・库珀 / 玛琳・黛德丽 / 阿道夫・门吉欧 类型: 爱情 / 剧情 制片国家/地区: 美国 年份: 1930,7.5,(796人评价)
,,,
,,,
小飞象 Dumbo,导演: 宾・沙普斯坦 / 塞缪尔・阿姆斯特朗 / 诺曼・弗格森 / 威尔弗雷德・杰克逊 / 杰克・金尼 / 比尔・罗伯茨 / John Elliotte 主演: 詹姆斯・巴斯凯特 / 赫尔曼・宾 / 比利・布莱彻 类型: 动画 / 奇幻 / 歌舞 制片国家/地区: 美国 年份: 1941,8.3,(24407人评价)
,,,
,,,
,,,
幽灵与未亡人 The Ghost and Mrs. Muir,导演: 约瑟夫・L・曼凯维奇 主演: 吉恩・蒂尔尼 / 雷克斯・哈里森 / 乔治・桑德斯 类型: 剧情 / 奇幻 / 悬疑 / 爱情 / 惊悚 制片国家/地区: 美国 年份: 1947,7.8,(509人评价)
,,,
,,,
贼博士 The Ladykillers,导演: 亚历山大・麦肯德里克 主演: 亚历克・吉尼斯 / 西塞尔・帕克 / 赫伯特・罗姆 类型: 喜剧 / 犯罪 / 惊悚 制片国家/地区: 英国 年份: 1955,7.7,(3590人评价)
,,,
杯酒人生 Sideways,导演: 亚历山大・佩恩 主演: 保罗・吉亚玛提 / 托马斯・哈登・丘奇 / 维吉妮娅・马德森 类型: 剧情 / 喜剧 / 爱情 制片国家/地区: 美国/匈牙利 年份: 2004,7.9,(52288人评价)
,,,
基督最后的诱惑 The Last Temptation of Christ,导演: 马丁・斯科塞斯 主演: 威廉・达福 / 哈威・凯特尔 / Paul Greco 类型: 剧情 制片国家/地区: 加拿大/美国 年份: 1988,7.8,(6556人评价)
,,,
,,,
我心狂野 Wild at Heart,导演: 大卫・林奇 主演: 尼古拉斯・凯奇 / 劳拉・邓恩 / 威廉・达福 类型: 犯罪 / 爱情 / 惊悚 制片国家/地区: 美国 年份: 1990,7.4,(24763人评价)
杀手烙印 しの烙印,导演: 铃木清顺 主演: `蹂V / 真理アンヌ / 小川万理子 类型: 动作 / 犯罪 / 剧情 制片国家/地区: 日本 年份: 1967,7.4,(1218人评价)
阿基拉 Akira,导演: 大友克洋 主演: 岩田光央 / 佐佐木望 / 小山茉美 类型: 动作 / 科幻 / 动画 制片国家/地区: 日本 年份: 1988,8.5,(72585人评价)
,,,
,,,
公主新娘 The Princess Bride,导演: 罗伯・莱纳 主演: 加利・艾尔维斯 / 罗宾・怀特 / 曼迪・帕廷金 类型: 爱情 / 奇幻 / 冒险 / 家庭 制片国家/地区: 美国 年份: 1987,7.0,(10176人评价)
暴力史 A History of Violence,导演: 大卫・柯南伯格 主演: 维果・莫腾森 / 玛丽亚・贝罗 / 艾德・哈里斯 类型: 动作 / 犯罪 / 剧情 / 惊悚 制片国家/地区: 加拿大/美国 年份: 2005,7.5,(22828人评价)
,,,
,,,
,,,
周末夜狂热 Saturday Night Fever,导演: 约翰・班德汉姆 主演: 约翰・特拉沃尔塔 / 凯伦・琳恩・高妮 / 保罗・佩普 类型: 剧情 / 音乐 / 爱情 制片国家/地区: 美国 年份: 1977,8.0,(6521人评价)
,,,
,,,
,,,
,,,
,,,
马路天使 R路天使,导演: 袁牧之 主演: 周璇 / 赵丹 / 魏鹤龄 类型: 剧情 / 喜剧 制片国家/地区: 中国大陆 年份: 1937,8.5,(23074人评价)
美国丽人 American Beauty,导演: 萨姆・门德斯 主演: 凯文・史派西 / 安妮特・贝宁 / 索拉・伯奇 类型: 剧情 / 爱情 / 家庭 制片国家/地区: 美国 年份: 1999,8.5,(302053人评价)
末代皇帝 The Last Emperor,导演: 贝纳尔多・贝托鲁奇 主演: 尊龙 / 陈冲 / 邬君梅 类型: 剧情 / 传记 / 历史 制片国家/地区: 英国/意大利/中国大陆/法国 年份: 1987,9.3,(728125人评价)
,,,
早餐俱乐部 The Breakfast Club,导演: 约翰・休斯 主演: 艾米利奥・艾斯特维兹 / 安东尼・迈克尔・豪尔 / 约翰・卡普洛斯 类型: 喜剧 / 剧情 制片国家/地区: 美国 年份: 1985,8.1,(22126人评价)
美国风情画 American Graffiti,导演: 乔治・卢卡斯 主演: 理查德・德莱福斯 / 朗・霍华德 / 保罗・勒马特 类型: 喜剧 / 剧情 / 爱情 制片国家/地区: 美国 年份: 1973,7.7,(4206人评价)
2046,导演: 王家卫 主演: 梁朝伟 / 章子怡 / 王菲 类型: 剧情 / 爱情 / 奇幻 制片国家/地区: 中国香港/中国大陆/法国/意大利/德国 年份: 2004,7.7,(204316人评价)
,,,
水中刀 Nóz w wodzie,导演: 罗曼・波兰斯基 主演: 莱昂・涅姆奇克 / 乔兰塔・乌梅卡 / 兹古蒙特・马拉诺维兹奇 类型: 剧情 / 惊悚 制片国家/地区: 波兰 年份: 1962,8.1,(10662人评价)
,,,
,,,
,,,
,,,
虎胆忠魂 Odd Man Out,导演: 卡罗尔・里德 主演: 詹姆斯・梅森 / 罗伯特・牛顿 / 凯思琳・赖安 类型: 犯罪 / 剧情 / 黑色电影 / 爱情 / 惊悚 制片国家/地区: 英国 年份: 1947,7.7,(1102人评价)
黑暗时代 Excalibur,导演: 约翰・保曼 主演: 尼吉尔・特瑞 / 海伦・米伦 / 尼古拉斯・克莱 类型: 冒险 / 剧情 / 奇幻 制片国家/地区: 英国 年份: 1981,6.7,(631人评价)
,,,
,,,
,,,
,,,
,,,
猎艳高手 The Ladies Man,导演: 杰瑞・刘易斯 主演: 杰瑞・刘易斯 / 海伦・特劳贝尔 / 帕特・斯坦利 类型: 喜剧 制片国家/地区: 美国 年份: 1961,6.3,(162人评价)
肮脏的哈里 Dirty Harry,导演: 唐・希格尔 主演: 克林特・伊斯特伍德 / 哈里・古蒂诺 / 雷尼・桑托尼 类型: 动作 / 犯罪 / 惊悚 制片国家/地区: 美国 年份: 1971,7.7,(5511人评价)
,,,
,,,
,,,
男人的争斗 Du rififi chez les hommes,导演: 朱尔斯・达辛 主演: 吉恩・塞维斯 / 罗伯特・曼努埃尔 / 卡尔・蒙纳 类型: 剧情 / 犯罪 / 惊悚 制片国家/地区: 法国 年份: 1955,8.5,(3746人评价)
,,,
,,,
,,,
萤火虫之墓 火垂るの墓,导演: 高x勋 主演: 辰己努 / 白石绫乃 / 志乃原良子 类型: 动画 / 剧情 / 战争 制片国家/地区: 日本 年份: 1988,8.7,(367516人评价)
,,,
吉尔达 Gilda,导演: 查尔斯・维多 主演: 丽塔・海华斯 / 格伦・福特 / 乔治・麦克雷迪 类型: 剧情 / 黑色电影 / 爱情 / 惊悚 制片国家/地区: 美国 年份: 1946,7.4,(2654人评价)
,,,
,,,
朱丽叶与魔鬼 Giulietta degli spiriti,导演: 费德里科・费里尼 主演: 朱丽叶塔・马西纳 / 桑德拉・米洛 / 马里奥・皮苏 类型: 剧情 / 喜剧 / 奇幻 制片国家/地区: 意大利/法国 年份: 1965,7.7,(5039人评价)
,,,
,,,
,,,
锦城春色 On the Town,导演: 吉恩・凯利 / 斯坦利・多南 主演: 吉恩・凯利 / 弗兰克・辛纳特拉 / 朱尔斯・芒辛 类型: 喜剧 / 歌舞 / 爱情 制片国家/地区: 美国 年份: 1949,7.4,(657人评价)
,,,
,,,
,,,
,,,
,,,
,,,
,,,
衣冠禽兽 La bête humaine,导演: 让・雷诺阿 主演: 让・迦本 / 西蒙妮・西蒙 / 费尔南・勒杜 类型: 剧情 / 犯罪 制片国家/地区: 法国 年份: 1938,7.4,(1122人评价)
,,,
,,,
,,,
,,,
血溅十三号警署 Assault on Precinct 13,导演: 约翰・卡朋特 主演: 奥斯汀・斯托克 / Darwin Joston / Laurie Zimmer 类型: 动作 / 犯罪 / 悬疑 / 惊悚 制片国家/地区: 美国 年份: 1976,7.2,(2189人评价)
,,,
,,,
百万美元宝贝 Million Dollar Baby,导演: 克林特・伊斯特伍德 主演: 克林特・伊斯特伍德 / 希拉里・斯万克 / 摩根・弗里曼 类型: 剧情 / 运动 制片国家/地区: 美国 年份: 2004,8.7,(191017人评价)
夺魂索 Rope,导演: 阿尔弗雷德・希区柯克 主演: 约翰・道尔 / 法利・格兰杰 / 詹姆斯・斯图尔特 类型: 犯罪 / 悬疑 / 惊悚 制片国家/地区: 美国 年份: 1948,8.1,(45445人评价)
,,,
,,,
,,,
罗宾汉历险记 The Adventures of Robin Hood,导演: 迈克尔・柯蒂兹 / 威廉・凯利 主演: 埃罗尔・弗林 / 奥利维娅・德哈维兰 / 巴兹尔・拉思伯恩 类型: 动作 / 冒险 / 爱情 制片国家/地区: 美国 年份: 1938,7.1,(1468人评价)
,,,
福禄双霸天 The Blues Brothers,导演: 约翰・兰迪斯 主演: 约翰・贝鲁西 / 丹・艾克罗伊德 / 詹姆斯・布朗 类型: 喜剧 / 动作 / 犯罪 / 音乐 制片国家/地区: 美国 年份: 1980,8.3,(3158人评价)
,,,
,,,
,,,
,,,
南街奇遇 Pickup on South Street,导演: 塞缪尔・富勒 主演: 理查德・威德马克 / 简・皮特斯 / 瑟尔玛・瑞特 类型: 黑色电影 / 惊悚 制片国家/地区: 美国 年份: 1953,7.4,(1299人评价)
,,,
,,,
禁忌星球 Forbidden Planet,导演: 弗雷德・威尔科克斯 主演: 沃尔特・皮金 / 安妮・弗朗西丝 / 莱斯利・尼尔森 类型: 动作 / 科幻 / 惊悚 / 冒险 制片国家/地区: 美国/日本 年份: 1956,7.6,(2218人评价)
,,,
,,,
阳光下的决斗 Duel in the Sun,导演: 金・维多 主演: 丽莲・吉许 / 珍妮弗・琼斯 / 格利高里・派克 类型: 剧情 / 爱情 / 西部 制片国家/地区: 美国 年份: 1946,7.5,(753人评价)
,,,
,,,
非常嫌疑犯 The Usual Suspects,导演: 布莱恩・辛格 主演: 史蒂芬・鲍德温 / 加布里埃尔・伯恩 / 本尼西奥・德尔・托罗 类型: 犯罪 / 悬疑 / 惊悚 制片国家/地区: 德国/美国 年份: 1995,8.6,(226819人评价)
空前绝后满天飞 Airplane!,导演: 大卫・扎克 / 杰瑞・扎克 / 吉姆・艾布拉姆斯 主演: 卡里姆・阿卜杜尔-贾巴尔 / 劳埃德・布里吉斯 / 皮特・格拉维斯 类型: 喜剧 制片国家/地区: 美国 年份: 1980,7.5,(15680人评价)
,,,
,,,
,,,
爱与死 Love and Death,导演: 伍迪・艾伦 主演: 伍迪・艾伦 / 黛安・基顿 / 费奥多尔・阿特金 类型: 喜剧 / 战争 制片国家/地区: 美国/法国 年份: 1975,8.4,(9736人评价)
,,,
浮草,导演: 小津安二郎 主演: 中村雁治郎 / 京町子 / 若尾文子 类型: 剧情 制片国家/地区: 日本 年份: 1959,8.6,(8063人评价)
十诫 The Ten Commandments,导演: 塞西尔・B・戴米尔 主演: 查尔顿・赫斯顿 / 尤・伯连纳 / 安妮・巴克斯特 类型: 冒险 / 剧情 / 历史 制片国家/地区: 美国 年份: 1956,8.3,(8733人评价)
,,,
,,,
,,,
,,,
,,,
,,,
,,,
地球停转之日 The Day the Earth Stood Still,导演: 罗伯特・怀斯 主演: 迈克尔・伦尼 / 帕德里夏・妮尔 / 休・马洛威 类型: 剧情 / 科幻 / 惊悚 制片国家/地区: 美国 年份: 1951,7.3,(5052人评价)
,,,
,,,
,,,
,,,
,,,
,,,
,,,
罗马假日 Roman Holiday,导演: 威廉・惠勒 主演: 奥黛丽・赫本 / 格利高里・派克 / 埃迪・艾伯特 类型: 喜剧 / 剧情 / 爱情 制片国家/地区: 美国 年份: 1953,9.1,(841987人评价)
,,,
午夜狂奔 Midnight Run,导演: 马丁・布莱斯特 主演: 罗伯特・德尼罗 / 查尔斯・格罗丁 / 亚非特・科托 类型: 喜剧 / 动作 / 犯罪 / 冒险 制片国家/地区: 美国 年份: 1988,8.5,(21318人评价)
,,,
,,,
,,,
,,,
战争与和平 Война и мир,导演: 谢尔盖・邦达尔丘克 主演: 谢尔盖・邦达尔丘克 / 柳德米拉・萨维里耶娃 / 维亚切斯拉夫・吉洪诺夫 类型: 剧情 / 历史 / 爱情 / 战争 制片国家/地区: 苏联 年份: 1966,9.2,(9707人评价)
我的美国舅舅 Mon oncle d'Amérique,导演: 阿伦・雷乃 主演: 热拉尔・德帕迪约 / 妮可・加西亚 / 罗歇・皮埃尔 类型: 喜剧 / 剧情 / 爱情 制片国家/地区: 法国 年份: 1980,8.2,(2539人评价)
,,,
,,,
,,,
,,,
,,,
,,,
,,,
指环王3：王者无敌 The Lord of the Rings: The Return of the King,导演: 彼得・杰克逊 主演: 伊利亚・伍德 / 西恩・奥斯汀 / 维果・莫腾森 类型: 剧情 / 动作 / 奇幻 / 冒险 制片国家/地区: 美国/新西兰 年份: 2003,9.3,(696236人评价)
,,,
龙虎盟 El Dorado,导演: 霍华德・霍克斯 主演: 约翰・韦恩 / 罗伯特・米彻姆 / 詹姆斯・肯恩 类型: 西部 / 动作 / 冒险 制片国家/地区: 美国 年份: 1967,7.6,(873人评价)
第四十二街 42nd Street,导演: 劳埃德・培根 主演: 沃纳・巴克斯特 / 贝比・丹尼尔斯 / 金杰・罗杰斯 类型: 歌舞 / 爱情 / 剧情 制片国家/地区: 美国 年份: 1933,7.5,(919人评价)
海底总动员 Finding Nemo,导演: 安德鲁・斯坦顿 / 李・昂克里奇 主演: 艾伯特・布鲁克斯 / 艾伦・德杰尼勒斯 / 亚历山大・古尔德 类型: 喜剧 / 动画 / 冒险 制片国家/地区: 美国/澳大利亚 年份: 2003,8.4,(343124人评价)
,,,
,,,
上海快车 Shanghai Express,导演: 约瑟夫・冯・斯登堡 主演: 玛琳・黛德丽 / 克里夫・布洛克 / 黄柳霜 类型: 冒险 / 剧情 / 爱情 制片国家/地区: 美国 年份: 1932,7.0,(1344人评价)
,,,
,,,
杨贵妃 钯F妃,导演: 沟口健二 主演: 京町子 / 森雅之 / 山村聪 类型: 剧情 / 历史 / 爱情 制片国家/地区: 中国香港/日本 年份: 1955,6.2,(1542人评价)
欲海情魔 Mildred Pierce,导演: 迈克尔・柯蒂兹 主演: 琼・克劳馥 / 杰克・卡森 / 扎查瑞・斯考特 类型: 剧情 / 黑色电影 / 悬疑 / 爱情 制片国家/地区: 美国 年份: 1945,7.7,(2719人评价)
绅士爱美人 Gentlemen Prefer Blondes,导演: 霍华德・霍克斯 主演: 简・拉塞尔 / 玛丽莲・梦露 / 查尔斯・科本 类型: 喜剧 / 剧情 / 歌舞 / 爱情 制片国家/地区: 美国 年份: 1953,7.9,(6716人评价)
近松物语 近松物Z,导演: 沟口健二 主演: 长谷川一夫 / 香川京子 / 进藤英太郎 类型: 剧情 / 爱情 制片国家/地区: 日本 年份: 1954,8.3,(4052人评价)
艾德・伍德 Ed Wood,导演: 蒂姆・波顿 主演: 约翰尼・德普 / 莎拉・杰茜卡・帕克 / 比尔・默瑞 类型: 传记 / 喜剧 / 剧情 制片国家/地区: 美国 年份: 1994,8.2,(24786人评价)
,,,
休假日 Holiday,导演: 乔治・库克 主演: 凯瑟琳・赫本 / 加里・格兰特 / 多蕊丝・诺兰 类型: 喜剧 / 爱情 制片国家/地区: 美国 年份: 1938,7.0,(523人评价)
,,,
,,,
,,,
,,,
骗中骗 The Sting,导演: 乔治・罗伊・希尔 主演: 保罗・纽曼 / 罗伯特・雷德福 / 罗伯特・肖 类型: 剧情 / 喜剧 / 犯罪 制片国家/地区: 美国 年份: 1973,8.7,(47056人评价)
证人 Witness,导演: 彼得・威尔 主演: 哈里森・福特 / 凯莉・麦吉利斯 / 约瑟夫・索默 类型: 剧情 / 爱情 / 惊悚 制片国家/地区: 美国 年份: 1985,7.2,(4537人评价)
洛基恐怖秀 The Rocky Horror Picture Show,导演: 吉姆・沙曼 主演: 蒂姆・克里 / 理查德・奥布里恩 / 帕特里夏・奎因 类型: 喜剧 / 歌舞 制片国家/地区: 英国/美国 年份: 1975,8.1,(21717人评价)
,,,
,,,
,,,
陆军野战医院 MASH,导演: 罗伯特・奥特曼 主演: 唐纳德・萨瑟兰 / 埃利奥特・古尔德 / 汤姆・斯凯里特 类型: 喜剧 / 战争 / 剧情 制片国家/地区: 美国 年份: 1970,7.9,(8305人评价)
,,,
中央车站 Central do Brasil,导演: 沃尔特・塞勒斯 主演: 费尔兰德・蒙特纳哥 / 马里利娅・佩拉 / 文尼西斯・狄・奥利维拉 类型: 剧情 制片国家/地区: 巴西/法国 年份: 1998,8.7,(96259人评价)
教父3 The Godfather: Part III,导演: 弗朗西斯・福特・科波拉 主演: 阿尔・帕西诺 / 黛安・基顿 / 塔莉娅・夏尔 类型: 剧情 / 犯罪 制片国家/地区: 美国 年份: 1990,9.0,(311666人评价)
,,,
,,,
,,,
,,,
,,,
,,,
诗人之血 Le Sang d'un Poète,导演: 让・科克托 主演: 恩里克・里韦罗斯 / 伊丽莎白・李・米勒 / 波利娜・卡尔东 类型: 剧情 / 奇幻 制片国家/地区: 法国 年份: 1932,8.3,(5435人评价)
稻草人 Scarecrow,导演: 杰瑞・沙茨伯格 主演: 吉恩・哈克曼 / 阿尔・帕西诺 / 多萝西・特里斯坦 类型: 剧情 制片国家/地区: 美国 年份: 1973,7.9,(2543人评价)
,,,
,,,
,,,
蓝白红三部曲之白 Trois couleurs: Blanc,导演: 克日什托夫・基耶斯洛夫斯基 主演: 泽比纽・扎马洲斯基 / 朱莉・德尔佩 / 扬努斯・加约斯 类型: 喜剧 / 剧情 / 悬疑 / 爱情 制片国家/地区: 法国/波兰/瑞士 年份: 1994,8.4,(89520人评价)
,,,
,,,
曲终梦回 The Tales of Hoffmann,导演: 迈克尔・鲍威尔 / 埃默里克・普雷斯伯格 主演: 莫伊拉・希勒 / 露德米拉.车娜 / 安・阿亚尔斯 类型: 冒险 / 奇幻 / 音乐 / 歌舞 / 爱情 制片国家/地区: 英国 年份: 1951,7.7,(1080人评价)
菊豆,导演: 张艺谋 / 杨凤良 主演: 巩俐 / 李保田 / 李纬 类型: 剧情 制片国家/地区: 中国大陆/日本 年份: 1990,8.1,(84631人评价)
,,,
女人就是女人 Une femme est une femme,导演: 让-吕克・戈达尔 主演: 让-克洛德・布里亚利 / 安娜・卡里娜 / 让-保罗・贝尔蒙多 类型: 喜剧 / 剧情 / 歌舞 / 爱情 制片国家/地区: 法国/意大利 年份: 1961,8.1,(7925人评价)
,,,
,,,
,,,
,,,
,,,
,,,
,,,
圣诞夜惊魂 The Nightmare Before Christmas,导演: 亨利・塞利克 主演: 丹尼・艾夫曼 / 克里斯・萨兰登 / 凯瑟琳・欧哈拉 类型: 动画 / 奇幻 / 音乐 制片国家/地区: 美国 年份: 1993,8.2,(99514人评价)
,,,
,,,
星尘往事 Stardust Memories,导演: 伍迪・艾伦 主演: 伍迪・艾伦 / 夏洛特・兰普林 / 杰西卡・哈珀 类型: 喜剧 / 剧情 制片国家/地区: 美国 年份: 1980,8.1,(6289人评价)
,,,
廊桥遗梦 The Bridges of Madison County,导演: 克林特・伊斯特伍德 主演: 克林特・伊斯特伍德 / 梅丽尔・斯特里普 / 安妮・科利 类型: 剧情 / 爱情 制片国家/地区: 美国 年份: 1995,8.7,(191634人评价)
,,,
,,,
从海底出击 Das Boot,导演: 沃尔夫冈・彼德森 主演: 尤尔根・普洛斯诺 / 赫贝特・格勒内梅厄 / Klaus Wennemann 类型: 剧情 / 历史 / 战争 / 冒险 制片国家/地区: 西德 年份: 1981,9.1,(35551人评价)
,,,
逃犯贝贝 Pépé le Moko,导演: 朱利安・杜维威尔 主演: 让・迦本 / 盖布瑞・加布埃尔 / 萨蒂南・法布尔 类型: 犯罪 / 剧情 / 爱情 制片国家/地区: 法国 年份: 1937,7.3,(2104人评价)
死亡诗社 Dead Poets Society,导演: 彼得・威尔 主演: 罗宾・威廉姆斯 / 罗伯特・肖恩・莱纳德 / 伊桑・霍克 类型: 剧情 制片国家/地区: 美国 年份: 1989,9.1,(607712人评价)
,,,
堕落的偶像 The Fallen Idol,导演: 卡罗尔・里德 主演: 拉尔夫・理查德森 / 米歇尔・摩根 / 索尼娅・德雷斯戴尔 类型: 剧情 / 悬疑 / 惊悚 制片国家/地区: 英国 年份: 1948,7.8,(2063人评价)
,,,
,,,
,,,
,,,
,,,
史崔特先生的故事 The Straight Story,导演: 大卫・林奇 主演: 茜茜・斯派塞克 / Jane Galloway Heitz / Joseph A. Carpenter 类型: 剧情 / 传记 制片国家/地区: 法国/英国/美国 年份: 1999,8.5,(25924人评价)
